-- phpMyAdmin SQL Dump
-- version 2.11.4
-- http://www.phpmyadmin.net
--
-- Host: localhost
-- Generation Time: May 17, 2012 at 08:51 PM
-- Server version: 5.0.51
-- PHP Version: 5.2.5

SET SQL_MODE="NO_AUTO_VALUE_ON_ZERO";

--
-- Database: `cloud121_db`
--

-- --------------------------------------------------------

--
-- Table structure for table `affiliation`
--

CREATE TABLE IF NOT EXISTS `affiliation` (
  `affilition_id` int(20) NOT NULL auto_increment,
  `church_id` int(20) NOT NULL,
  `affid` int(20) NOT NULL,
  `affiliation_date` date NOT NULL,
  `status` int(3) NOT NULL,
  PRIMARY KEY  (`affilition_id`),
  KEY `church_id` (`church_id`,`affid`)
) ENGINE=MyISAM  DEFAULT CHARSET=latin1 AUTO_INCREMENT=3 ;

--
-- Dumping data for table `affiliation`
--

INSERT INTO `affiliation` (`affilition_id`, `church_id`, `affid`, `affiliation_date`, `status`) VALUES
(1, 2, 1, '2012-05-10', 1),
(2, 1, 2, '2012-05-10', 1);

-- --------------------------------------------------------

--
-- Table structure for table `app_modules`
--

CREATE TABLE IF NOT EXISTS `app_modules` (
  `mnu_id` int(11) NOT NULL auto_increment,
  `mnu_name` varchar(64) collate latin1_general_ci NOT NULL,
  `mnu_desc` varchar(100) collate latin1_general_ci NOT NULL,
  `mnu_icon` varchar(64) collate latin1_general_ci NOT NULL,
  `mnu_parent` int(11) NOT NULL default '0',
  `mnu_ord` int(11) NOT NULL default '1',
  `mnu_link` varchar(255) collate latin1_general_ci NOT NULL,
  `mnu_status` tinyint(2) NOT NULL default '1',
  `mnu_link_info` text collate latin1_general_ci,
  PRIMARY KEY  (`mnu_id`),
  KEY `mnu_parent` (`mnu_parent`,`mnu_ord`)
) ENGINE=MyISAM  DEFAULT CHARSET=latin1 COLLATE=latin1_general_ci ROW_FORMAT=DYNAMIC AUTO_INCREMENT=105 ;

--
-- Dumping data for table `app_modules`
--

INSERT INTO `app_modules` (`mnu_id`, `mnu_name`, `mnu_desc`, `mnu_icon`, `mnu_parent`, `mnu_ord`, `mnu_link`, `mnu_status`, `mnu_link_info`) VALUES
(1, 'Setup', '', '', 0, 90, '', 1, 'a:18:{s:8:"linkpage";s:0:"";s:7:"statpos";s:0:"";s:11:"querystring";s:0:"";s:14:"maincontroller";s:0:"";s:18:"default_controller";s:0:"";s:19:"controller_filename";s:0:"";s:14:"class_filename";s:0:"";s:10:"class_name";s:0:"";s:17:"template_filename";s:0:"";s:21:"templateform_filename";s:0:"";s:7:"chkmenu";s:1:"1";s:7:"chkmain";N;s:13:"chkcontroller";N;s:8:"chkclass";N;s:11:"chktemplate";N;s:15:"chktemplateform";N;s:5:"ud_id";a:0:{}s:9:"user_type";a:0:{}}'),
(2, 'Manage User', '', '', 1, 3, 'setup.php?statpos=manageuser', 1, 'a:18:{s:8:"linkpage";s:9:"setup.php";s:7:"statpos";s:10:"manageuser";s:11:"querystring";s:0:"";s:14:"maincontroller";s:0:"";s:18:"default_controller";s:0:"";s:19:"controller_filename";s:0:"";s:14:"class_filename";s:0:"";s:10:"class_name";s:0:"";s:17:"template_filename";s:0:"";s:21:"templateform_filename";s:0:"";s:7:"chkmenu";s:1:"1";s:7:"chkmain";N;s:13:"chkcontroller";N;s:8:"chkclass";N;s:11:"chktemplate";N;s:15:"chktemplateform";N;s:5:"ud_id";a:2:{i:0;s:1:"2";i:1;s:1:"1";}s:9:"user_type";a:2:{i:0;s:19:"Super Administrator";i:1;s:13:"Administrator";}}'),
(3, 'Manage Modules', '', '', 1, 2, 'setup.php?statpos=managemodule', 1, 'a:18:{s:8:"linkpage";s:9:"setup.php";s:7:"statpos";s:12:"managemodule";s:11:"querystring";s:0:"";s:14:"maincontroller";s:0:"";s:18:"default_controller";s:0:"";s:19:"controller_filename";s:0:"";s:14:"class_filename";s:0:"";s:10:"class_name";s:0:"";s:17:"template_filename";s:0:"";s:21:"templateform_filename";s:0:"";s:7:"chkmenu";s:1:"1";s:7:"chkmain";N;s:13:"chkcontroller";N;s:8:"chkclass";N;s:11:"chktemplate";N;s:15:"chktemplateform";N;s:5:"ud_id";a:0:{}s:9:"user_type";a:0:{}}'),
(4, 'Manage User Type', '', '', 1, 1, 'setup.php?statpos=manageusertype', 1, 'a:18:{s:8:"linkpage";s:9:"setup.php";s:7:"statpos";s:14:"manageusertype";s:11:"querystring";s:0:"";s:14:"maincontroller";s:0:"";s:18:"default_controller";s:0:"";s:19:"controller_filename";s:0:"";s:14:"class_filename";s:0:"";s:10:"class_name";s:0:"";s:17:"template_filename";s:0:"";s:21:"templateform_filename";s:0:"";s:7:"chkmenu";s:1:"1";s:7:"chkmain";N;s:13:"chkcontroller";N;s:8:"chkclass";N;s:11:"chktemplate";N;s:15:"chktemplateform";N;s:5:"ud_id";a:2:{i:0;s:1:"2";i:1;s:1:"1";}s:9:"user_type";a:1:{i:0;s:19:"Super Administrator";}}'),
(5, 'Manage Department', '', '', 1, 4, 'setup.php?statpos=managedept', 1, 'a:18:{s:8:"linkpage";s:9:"setup.php";s:7:"statpos";s:10:"managedept";s:11:"querystring";s:0:"";s:14:"maincontroller";s:15:"admin/setup.php";s:18:"default_controller";s:15:"admin/admin.php";s:19:"controller_filename";s:27:"admin/setup/manage_dept.php";s:14:"class_filename";s:33:"admin/setup/manage_dept.class.php";s:10:"class_name";s:13:"clsManageDept";s:17:"template_filename";s:31:"admin/setup/manage_dept.tpl.php";s:21:"templateform_filename";s:36:"admin/setup/manage_dept_form.tpl.php";s:7:"chkmenu";s:1:"1";s:7:"chkmain";N;s:13:"chkcontroller";N;s:8:"chkclass";N;s:11:"chktemplate";N;s:15:"chktemplateform";N;s:5:"ud_id";a:2:{i:0;s:1:"2";i:1;s:1:"1";}s:9:"user_type";a:1:{i:0;s:19:"Super Administrator";}}'),
(7, 'Home', '', '', 0, 1, 'index.php', 1, 'a:18:{s:8:"linkpage";s:9:"index.php";s:7:"statpos";s:0:"";s:11:"querystring";s:0:"";s:14:"maincontroller";s:0:"";s:18:"default_controller";s:0:"";s:19:"controller_filename";s:0:"";s:14:"class_filename";s:0:"";s:10:"class_name";s:0:"";s:17:"template_filename";s:0:"";s:21:"templateform_filename";s:0:"";s:7:"chkmenu";s:1:"1";s:7:"chkmain";N;s:13:"chkcontroller";N;s:8:"chkclass";N;s:11:"chktemplate";N;s:15:"chktemplateform";N;s:5:"ud_id";a:2:{i:0;s:1:"2";i:1;s:1:"1";}s:9:"user_type";a:2:{i:0;s:19:"Super Administrator";i:1;s:13:"Administrator";}}'),
(9, 'Settings', '', '', 0, 100, '', 1, 'a:18:{s:8:"linkpage";s:0:"";s:7:"statpos";s:0:"";s:11:"querystring";s:0:"";s:14:"maincontroller";s:0:"";s:18:"default_controller";s:0:"";s:19:"controller_filename";s:0:"";s:14:"class_filename";s:0:"";s:10:"class_name";s:0:"";s:17:"template_filename";s:0:"";s:21:"templateform_filename";s:0:"";s:7:"chkmenu";s:1:"1";s:7:"chkmain";N;s:13:"chkcontroller";N;s:8:"chkclass";N;s:11:"chktemplate";N;s:15:"chktemplateform";N;s:5:"ud_id";a:0:{}s:9:"user_type";a:0:{}}'),
(11, 'Transaction', '', '', 0, 20, '', 1, 'a:18:{s:8:"linkpage";s:0:"";s:7:"statpos";s:0:"";s:11:"querystring";s:0:"";s:14:"maincontroller";s:0:"";s:18:"default_controller";s:0:"";s:19:"controller_filename";s:0:"";s:14:"class_filename";s:0:"";s:10:"class_name";s:0:"";s:17:"template_filename";s:0:"";s:21:"templateform_filename";s:0:"";s:7:"chkmenu";s:1:"1";s:7:"chkmain";N;s:13:"chkcontroller";N;s:8:"chkclass";N;s:11:"chktemplate";N;s:15:"chktemplateform";N;s:5:"ud_id";a:0:{}s:9:"user_type";a:0:{}}'),
(79, 'Cashier', '', '', 11, 10, 'transaction.php?statpos=cashier', 1, 'a:18:{s:8:"linkpage";s:15:"transaction.php";s:7:"statpos";s:7:"cashier";s:11:"querystring";s:0:"";s:14:"maincontroller";s:21:"admin/transaction.php";s:18:"default_controller";s:15:"admin/index.php";s:19:"controller_filename";s:40:"admin/transaction/cashier.controller.php";s:14:"class_filename";s:35:"admin/transaction/cashier.class.php";s:10:"class_name";s:10:"clsCashier";s:17:"template_filename";s:33:"admin/transaction/cashier.tpl.php";s:21:"templateform_filename";s:38:"admin/transaction/cashier_form.tpl.php";s:7:"chkmenu";s:1:"1";s:7:"chkmain";s:1:"1";s:13:"chkcontroller";N;s:8:"chkclass";N;s:11:"chktemplate";N;s:15:"chktemplateform";N;s:5:"ud_id";a:0:{}s:9:"user_type";a:0:{}}'),
(80, 'Manage Brand', '', '', 9, 10, 'settings.php?statpos=managebrand', 1, 'a:18:{s:8:"linkpage";s:12:"settings.php";s:7:"statpos";s:11:"managebrand";s:11:"querystring";s:0:"";s:14:"maincontroller";s:18:"admin/settings.php";s:18:"default_controller";s:15:"admin/index.php";s:19:"controller_filename";s:41:"admin/settings/managebrand.controller.php";s:14:"class_filename";s:36:"admin/settings/managebrand.class.php";s:10:"class_name";s:14:"clsManageBrand";s:17:"template_filename";s:34:"admin/settings/managebrand.tpl.php";s:21:"templateform_filename";s:39:"admin/settings/managebrand_form.tpl.php";s:7:"chkmenu";s:1:"1";s:7:"chkmain";N;s:13:"chkcontroller";N;s:8:"chkclass";N;s:11:"chktemplate";N;s:15:"chktemplateform";N;s:5:"ud_id";a:0:{}s:9:"user_type";a:0:{}}'),
(81, 'Manage Type', '', '', 9, 20, 'settings.php?statpos=managetype', 1, 'a:18:{s:8:"linkpage";s:12:"settings.php";s:7:"statpos";s:10:"managetype";s:11:"querystring";s:0:"";s:14:"maincontroller";s:18:"admin/settings.php";s:18:"default_controller";s:15:"admin/index.php";s:19:"controller_filename";s:40:"admin/settings/managetype.controller.php";s:14:"class_filename";s:35:"admin/settings/managetype.class.php";s:10:"class_name";s:13:"clsManageType";s:17:"template_filename";s:33:"admin/settings/managetype.tpl.php";s:21:"templateform_filename";s:38:"admin/settings/managetype_form.tpl.php";s:7:"chkmenu";s:1:"1";s:7:"chkmain";N;s:13:"chkcontroller";N;s:8:"chkclass";N;s:11:"chktemplate";N;s:15:"chktemplateform";N;s:5:"ud_id";a:0:{}s:9:"user_type";a:0:{}}'),
(82, 'Manage Item', '', '', 84, 30, 'settings.php?statpos=manageitem', 1, 'a:18:{s:8:"linkpage";s:12:"settings.php";s:7:"statpos";s:10:"manageitem";s:11:"querystring";s:0:"";s:14:"maincontroller";s:18:"admin/settings.php";s:18:"default_controller";s:15:"admin/index.php";s:19:"controller_filename";s:40:"admin/settings/manageitem.controller.php";s:14:"class_filename";s:35:"admin/settings/manageitem.class.php";s:10:"class_name";s:13:"clsManageItem";s:17:"template_filename";s:33:"admin/settings/manageitem.tpl.php";s:21:"templateform_filename";s:38:"admin/settings/manageitem_form.tpl.php";s:7:"chkmenu";s:1:"1";s:7:"chkmain";N;s:13:"chkcontroller";N;s:8:"chkclass";N;s:11:"chktemplate";N;s:15:"chktemplateform";N;s:5:"ud_id";a:0:{}s:9:"user_type";a:0:{}}'),
(83, 'Manage Item Category', '', '', 9, 0, 'settings.php?statpos=manageitemcategory', 1, 'a:18:{s:8:"linkpage";s:12:"settings.php";s:7:"statpos";s:18:"manageitemcategory";s:11:"querystring";s:0:"";s:14:"maincontroller";s:18:"admin/settings.php";s:18:"default_controller";s:15:"admin/index.php";s:19:"controller_filename";s:48:"admin/settings/manageitemcategory.controller.php";s:14:"class_filename";s:43:"admin/settings/manageitemcategory.class.php";s:10:"class_name";s:21:"clsManageItemCategory";s:17:"template_filename";s:41:"admin/settings/manageitemcategory.tpl.php";s:21:"templateform_filename";s:46:"admin/settings/manageitemcategory_form.tpl.php";s:7:"chkmenu";s:1:"1";s:7:"chkmain";N;s:13:"chkcontroller";N;s:8:"chkclass";N;s:11:"chktemplate";N;s:15:"chktemplateform";N;s:5:"ud_id";a:0:{}s:9:"user_type";a:0:{}}'),
(84, 'Stocks Settings', '', '', 0, 40, '', 1, 'a:18:{s:8:"linkpage";s:0:"";s:7:"statpos";s:0:"";s:11:"querystring";s:0:"";s:14:"maincontroller";s:0:"";s:18:"default_controller";s:0:"";s:19:"controller_filename";s:0:"";s:14:"class_filename";s:0:"";s:10:"class_name";s:0:"";s:17:"template_filename";s:0:"";s:21:"templateform_filename";s:0:"";s:7:"chkmenu";s:1:"1";s:7:"chkmain";N;s:13:"chkcontroller";N;s:8:"chkclass";N;s:11:"chktemplate";N;s:15:"chktemplateform";N;s:5:"ud_id";a:0:{}s:9:"user_type";a:0:{}}'),
(85, 'Manage Stocks', '', '', 84, 20, '', 1, 'a:18:{s:8:"linkpage";s:0:"";s:7:"statpos";s:0:"";s:11:"querystring";s:0:"";s:14:"maincontroller";s:0:"";s:18:"default_controller";s:0:"";s:19:"controller_filename";s:0:"";s:14:"class_filename";s:0:"";s:10:"class_name";s:0:"";s:17:"template_filename";s:0:"";s:21:"templateform_filename";s:0:"";s:7:"chkmenu";s:1:"1";s:7:"chkmain";N;s:13:"chkcontroller";N;s:8:"chkclass";N;s:11:"chktemplate";N;s:15:"chktemplateform";N;s:5:"ud_id";a:0:{}s:9:"user_type";a:0:{}}'),
(86, 'Incoming', '', '', 85, 0, 'stocks.php?statpos=incoming', 1, 'a:18:{s:8:"linkpage";s:10:"stocks.php";s:7:"statpos";s:8:"incoming";s:11:"querystring";s:0:"";s:14:"maincontroller";s:16:"admin/stocks.php";s:18:"default_controller";s:15:"admin/index.php";s:19:"controller_filename";s:36:"admin/stocks/incoming.controller.php";s:14:"class_filename";s:31:"admin/stocks/incoming.class.php";s:10:"class_name";s:11:"clsIncoming";s:17:"template_filename";s:29:"admin/stocks/incoming.tpl.php";s:21:"templateform_filename";s:34:"admin/stocks/incoming_form.tpl.php";s:7:"chkmenu";s:1:"1";s:7:"chkmain";N;s:13:"chkcontroller";N;s:8:"chkclass";N;s:11:"chktemplate";N;s:15:"chktemplateform";N;s:5:"ud_id";a:0:{}s:9:"user_type";a:0:{}}'),
(87, 'Outgoing', '', '', 85, 0, 'stocks.php?statpos=outgoing', 1, 'a:18:{s:8:"linkpage";s:10:"stocks.php";s:7:"statpos";s:8:"outgoing";s:11:"querystring";s:0:"";s:14:"maincontroller";s:16:"admin/stocks.php";s:18:"default_controller";s:15:"admin/index.php";s:19:"controller_filename";s:36:"admin/stocks/outgoing.controller.php";s:14:"class_filename";s:31:"admin/stocks/outgoing.class.php";s:10:"class_name";s:11:"clsOutgoing";s:17:"template_filename";s:29:"admin/stocks/outgoing.tpl.php";s:21:"templateform_filename";s:34:"admin/stocks/outgoing_form.tpl.php";s:7:"chkmenu";s:1:"1";s:7:"chkmain";N;s:13:"chkcontroller";s:1:"1";s:8:"chkclass";s:1:"1";s:11:"chktemplate";s:1:"1";s:15:"chktemplateform";s:1:"1";s:5:"ud_id";a:0:{}s:9:"user_type";a:0:{}}'),
(88, 'Void OR', '', '', 11, 20, 'transaction.php?statpos=voidor', 1, 'a:18:{s:8:"linkpage";s:15:"transaction.php";s:7:"statpos";s:6:"voidor";s:11:"querystring";s:0:"";s:14:"maincontroller";s:21:"admin/transaction.php";s:18:"default_controller";s:15:"admin/index.php";s:19:"controller_filename";s:39:"admin/transaction/voidor.controller.php";s:14:"class_filename";s:34:"admin/transaction/voidor.class.php";s:10:"class_name";s:9:"clsVoidOr";s:17:"template_filename";s:32:"admin/transaction/voidor.tpl.php";s:21:"templateform_filename";s:37:"admin/transaction/voidor_form.tpl.php";s:7:"chkmenu";s:1:"1";s:7:"chkmain";N;s:13:"chkcontroller";s:1:"1";s:8:"chkclass";s:1:"1";s:11:"chktemplate";s:1:"1";s:15:"chktemplateform";s:1:"1";s:5:"ud_id";a:0:{}s:9:"user_type";a:0:{}}'),
(89, 'Reports', '', '', 0, 50, '', 1, 'a:18:{s:8:"linkpage";s:0:"";s:7:"statpos";s:0:"";s:11:"querystring";s:0:"";s:14:"maincontroller";s:0:"";s:18:"default_controller";s:0:"";s:19:"controller_filename";s:0:"";s:14:"class_filename";s:0:"";s:10:"class_name";s:0:"";s:17:"template_filename";s:0:"";s:21:"templateform_filename";s:0:"";s:7:"chkmenu";s:1:"1";s:7:"chkmain";N;s:13:"chkcontroller";N;s:8:"chkclass";N;s:11:"chktemplate";N;s:15:"chktemplateform";N;s:5:"ud_id";a:0:{}s:9:"user_type";a:0:{}}'),
(90, 'Sales Invoice', '', '', 89, 1, 'reports.php?statpos=salesinvoice', 1, 'a:18:{s:8:"linkpage";s:11:"reports.php";s:7:"statpos";s:12:"salesinvoice";s:11:"querystring";s:0:"";s:14:"maincontroller";s:17:"admin/reports.php";s:18:"default_controller";s:15:"admin/index.php";s:19:"controller_filename";s:41:"admin/reports/salesinvoice.controller.php";s:14:"class_filename";s:36:"admin/reports/salesinvoice.class.php";s:10:"class_name";s:15:"clsSalesInvoice";s:17:"template_filename";s:34:"admin/reports/salesinvoice.tpl.php";s:21:"templateform_filename";s:39:"admin/reports/salesinvoice_form.tpl.php";s:7:"chkmenu";s:1:"1";s:7:"chkmain";s:1:"1";s:13:"chkcontroller";s:1:"1";s:8:"chkclass";s:1:"1";s:11:"chktemplate";s:1:"1";s:15:"chktemplateform";s:1:"1";s:5:"ud_id";a:0:{}s:9:"user_type";a:0:{}}'),
(91, 'Price List', '', '', 89, 2, 'reports.php?statpos=pricelist', 1, 'a:18:{s:8:"linkpage";s:11:"reports.php";s:7:"statpos";s:9:"pricelist";s:11:"querystring";s:0:"";s:14:"maincontroller";s:17:"admin/reports.php";s:18:"default_controller";s:15:"admin/index.php";s:19:"controller_filename";s:38:"admin/reports/pricelist.controller.php";s:14:"class_filename";s:33:"admin/reports/pricelist.class.php";s:10:"class_name";s:12:"clsPriceList";s:17:"template_filename";s:31:"admin/reports/pricelist.tpl.php";s:21:"templateform_filename";s:36:"admin/reports/pricelist_form.tpl.php";s:7:"chkmenu";s:1:"1";s:7:"chkmain";N;s:13:"chkcontroller";s:1:"1";s:8:"chkclass";s:1:"1";s:11:"chktemplate";s:1:"1";s:15:"chktemplateform";N;s:5:"ud_id";a:0:{}s:9:"user_type";a:0:{}}'),
(92, 'Manage Migrate', '', '', 1, 20, 'setup.php?statpos=managemigrate', 1, 'a:18:{s:8:"linkpage";s:9:"setup.php";s:7:"statpos";s:13:"managemigrate";s:11:"querystring";s:0:"";s:14:"maincontroller";s:15:"admin/setup.php";s:18:"default_controller";s:15:"admin/index.php";s:19:"controller_filename";s:40:"admin/setup/managemigrate.controller.php";s:14:"class_filename";s:35:"admin/setup/managemigrate.class.php";s:10:"class_name";s:16:"clsManageMigrate";s:17:"template_filename";s:33:"admin/setup/managemigrate.tpl.php";s:21:"templateform_filename";s:38:"admin/setup/managemigrate_form.tpl.php";s:7:"chkmenu";s:1:"1";s:7:"chkmain";N;s:13:"chkcontroller";s:1:"1";s:8:"chkclass";s:1:"1";s:11:"chktemplate";s:1:"1";s:15:"chktemplateform";s:1:"1";s:5:"ud_id";a:0:{}s:9:"user_type";a:0:{}}'),
(93, 'Terminal Reading', '', '', 89, 3, 'reports.php?statpos=terminalreading', 1, 'a:18:{s:8:"linkpage";s:11:"reports.php";s:7:"statpos";s:15:"terminalreading";s:11:"querystring";s:0:"";s:14:"maincontroller";s:17:"admin/reports.php";s:18:"default_controller";s:15:"admin/index.php";s:19:"controller_filename";s:44:"admin/reports/terminalreading.controller.php";s:14:"class_filename";s:39:"admin/reports/terminalreading.class.php";s:10:"class_name";s:18:"clsTerminalReading";s:17:"template_filename";s:37:"admin/reports/terminalreading.tpl.php";s:21:"templateform_filename";s:42:"admin/reports/terminalreading_form.tpl.php";s:7:"chkmenu";s:1:"1";s:7:"chkmain";N;s:13:"chkcontroller";s:1:"1";s:8:"chkclass";s:1:"1";s:11:"chktemplate";s:1:"1";s:15:"chktemplateform";s:1:"1";s:5:"ud_id";a:0:{}s:9:"user_type";a:0:{}}'),
(94, 'Company Settings', '', '', 9, 0, '', 1, 'a:18:{s:8:"linkpage";s:0:"";s:7:"statpos";s:0:"";s:11:"querystring";s:0:"";s:14:"maincontroller";s:0:"";s:18:"default_controller";s:0:"";s:19:"controller_filename";s:0:"";s:14:"class_filename";s:0:"";s:10:"class_name";s:0:"";s:17:"template_filename";s:0:"";s:21:"templateform_filename";s:0:"";s:7:"chkmenu";s:1:"1";s:7:"chkmain";N;s:13:"chkcontroller";N;s:8:"chkclass";N;s:11:"chktemplate";N;s:15:"chktemplateform";N;s:5:"ud_id";a:0:{}s:9:"user_type";a:0:{}}'),
(95, 'Setup Company Information', '', '', 94, 1, 'settings.php?statpos=setupcompadd', 1, 'a:18:{s:8:"linkpage";s:12:"settings.php";s:7:"statpos";s:12:"setupcompadd";s:11:"querystring";s:0:"";s:14:"maincontroller";s:18:"admin/settings.php";s:18:"default_controller";s:15:"admin/index.php";s:19:"controller_filename";s:42:"admin/settings/setupcompadd.controller.php";s:14:"class_filename";s:37:"admin/settings/setupcompadd.class.php";s:10:"class_name";s:15:"clsSetupCompAdd";s:17:"template_filename";s:35:"admin/settings/setupcompadd.tpl.php";s:21:"templateform_filename";s:40:"admin/settings/setupcompadd_form.tpl.php";s:7:"chkmenu";s:1:"1";s:7:"chkmain";N;s:13:"chkcontroller";s:1:"1";s:8:"chkclass";s:1:"1";s:11:"chktemplate";N;s:15:"chktemplateform";s:1:"1";s:5:"ud_id";a:0:{}s:9:"user_type";a:0:{}}'),
(96, 'Make Official', '', '', 94, 2, 'settings.php?statpos=makeofficial&action=add', 1, 'a:18:{s:8:"linkpage";s:12:"settings.php";s:7:"statpos";s:12:"makeofficial";s:11:"querystring";s:11:"&action=add";s:14:"maincontroller";s:18:"admin/settings.php";s:18:"default_controller";s:15:"admin/index.php";s:19:"controller_filename";s:42:"admin/settings/makeofficial.controller.php";s:14:"class_filename";s:37:"admin/settings/makeofficial.class.php";s:10:"class_name";s:15:"clsMakeOfficial";s:17:"template_filename";s:35:"admin/settings/makeofficial.tpl.php";s:21:"templateform_filename";s:40:"admin/settings/makeofficial_form.tpl.php";s:7:"chkmenu";s:1:"1";s:7:"chkmain";N;s:13:"chkcontroller";N;s:8:"chkclass";N;s:11:"chktemplate";N;s:15:"chktemplateform";N;s:5:"ud_id";a:0:{}s:9:"user_type";a:0:{}}'),
(97, 'Churches', '', '', 0, 0, 'churches.php?statpos=churchlist', 1, 'a:18:{s:8:"linkpage";s:12:"churches.php";s:7:"statpos";s:10:"churchlist";s:11:"querystring";s:0:"";s:14:"maincontroller";s:18:"admin/churches.php";s:18:"default_controller";s:15:"admin/index.php";s:19:"controller_filename";s:40:"admin/churches/churchlist.controller.php";s:14:"class_filename";s:35:"admin/churches/churchlist.class.php";s:10:"class_name";s:13:"clsChurchList";s:17:"template_filename";s:33:"admin/churches/churchlist.tpl.php";s:21:"templateform_filename";s:38:"admin/churches/churchlist_form.tpl.php";s:7:"chkmenu";s:1:"1";s:7:"chkmain";s:1:"1";s:13:"chkcontroller";s:1:"1";s:8:"chkclass";s:1:"1";s:11:"chktemplate";s:1:"1";s:15:"chktemplateform";s:1:"1";s:5:"ud_id";a:0:{}s:9:"user_type";a:0:{}}'),
(98, 'News', '', '', 0, 0, 'news.php?statpos=news', 1, 'a:18:{s:8:"linkpage";s:8:"news.php";s:7:"statpos";s:4:"news";s:11:"querystring";s:0:"";s:14:"maincontroller";s:14:"admin/news.php";s:18:"default_controller";s:15:"admin/index.php";s:19:"controller_filename";s:30:"admin/news/news.controller.php";s:14:"class_filename";s:25:"admin/news/news.class.php";s:10:"class_name";s:7:"clsNews";s:17:"template_filename";s:23:"admin/news/news.tpl.php";s:21:"templateform_filename";s:28:"admin/news/news_form.tpl.php";s:7:"chkmenu";s:1:"1";s:7:"chkmain";s:1:"1";s:13:"chkcontroller";s:1:"1";s:8:"chkclass";s:1:"1";s:11:"chktemplate";s:1:"1";s:15:"chktemplateform";s:1:"1";s:5:"ud_id";a:0:{}s:9:"user_type";a:0:{}}'),
(99, 'matchmaking', '', '', 0, 0, 'matchmaking?statpos=matchmaking', 1, 'a:18:{s:8:"linkpage";s:11:"matchmaking";s:7:"statpos";s:11:"matchmaking";s:11:"querystring";s:0:"";s:14:"maincontroller";s:21:"admin/matchmaking.php";s:18:"default_controller";s:15:"admin/index.php";s:19:"controller_filename";s:44:"admin/matchmaking/matchmaking.controller.php";s:14:"class_filename";s:39:"admin/matchmaking/matchmaking.class.php";s:10:"class_name";s:14:"clsMatchMaking";s:17:"template_filename";s:37:"admin/matchmaking/matchmaking.tpl.php";s:21:"templateform_filename";s:42:"admin/matchmaking/matchmaking_form.tpl.php";s:7:"chkmenu";s:1:"1";s:7:"chkmain";s:1:"1";s:13:"chkcontroller";s:1:"1";s:8:"chkclass";s:1:"1";s:11:"chktemplate";s:1:"1";s:15:"chktemplateform";s:1:"1";s:5:"ud_id";a:0:{}s:9:"user_type";a:0:{}}'),
(100, 'Respond', '', '', 99, 12, 'matchmaking?statpos=respond', 1, 'a:18:{s:8:"linkpage";s:11:"matchmaking";s:7:"statpos";s:7:"respond";s:11:"querystring";s:0:"";s:14:"maincontroller";s:21:"admin/matchmaking.php";s:18:"default_controller";s:15:"admin/index.php";s:19:"controller_filename";s:40:"admin/matchmaking/respond.controller.php";s:14:"class_filename";s:35:"admin/matchmaking/respond.class.php";s:10:"class_name";s:10:"clsRespond";s:17:"template_filename";s:33:"admin/matchmaking/respond.tpl.php";s:21:"templateform_filename";s:38:"admin/matchmaking/respond_form.tpl.php";s:7:"chkmenu";s:1:"1";s:7:"chkmain";N;s:13:"chkcontroller";s:1:"1";s:8:"chkclass";s:1:"1";s:11:"chktemplate";s:1:"1";s:15:"chktemplateform";s:1:"1";s:5:"ud_id";a:0:{}s:9:"user_type";a:0:{}}'),
(101, 'Approve Church', '', '', 97, 13, 'churches.php?statpos=approvechurch', 1, 'a:18:{s:8:"linkpage";s:12:"churches.php";s:7:"statpos";s:13:"approvechurch";s:11:"querystring";s:0:"";s:14:"maincontroller";s:18:"admin/churches.php";s:18:"default_controller";s:15:"admin/index.php";s:19:"controller_filename";s:43:"admin/churches/approvechurch.controller.php";s:14:"class_filename";s:38:"admin/churches/approvechurch.class.php";s:10:"class_name";s:16:"clsApproveChurch";s:17:"template_filename";s:36:"admin/churches/approvechurch.tpl.php";s:21:"templateform_filename";s:41:"admin/churches/approvechurch_form.tpl.php";s:7:"chkmenu";s:1:"1";s:7:"chkmain";N;s:13:"chkcontroller";N;s:8:"chkclass";N;s:11:"chktemplate";N;s:15:"chktemplateform";N;s:5:"ud_id";a:0:{}s:9:"user_type";a:0:{}}'),
(103, 'Events', '', '', 0, 12, 'events.php?statpos=viewevents', 1, 'a:18:{s:8:"linkpage";s:10:"events.php";s:7:"statpos";s:10:"viewevents";s:11:"querystring";s:0:"";s:14:"maincontroller";s:10:"events.php";s:18:"default_controller";s:15:"admin/index.php";s:19:"controller_filename";s:34:"admin/events/events.controller.php";s:14:"class_filename";s:29:"admin/events/events.class.php";s:10:"class_name";s:9:"clsEvents";s:17:"template_filename";s:27:"admin/events/events.tpl.php";s:21:"templateform_filename";s:32:"admin/events/events_form.tpl.php";s:7:"chkmenu";s:1:"1";s:7:"chkmain";s:1:"1";s:13:"chkcontroller";s:1:"1";s:8:"chkclass";s:1:"1";s:11:"chktemplate";s:1:"1";s:15:"chktemplateform";s:1:"1";s:5:"ud_id";a:0:{}s:9:"user_type";a:0:{}}'),
(104, 'Get Connected', '', '', 0, 123, 'signup?statpos=getconnected', 1, 'a:18:{s:8:"linkpage";s:6:"signup";s:7:"statpos";s:12:"getconnected";s:11:"querystring";s:0:"";s:14:"maincontroller";s:16:"admin/signup.php";s:18:"default_controller";s:15:"admin/index.php";s:19:"controller_filename";s:40:"admin/signup/getconnected.controller.php";s:14:"class_filename";s:35:"admin/signup/getconnected.class.php";s:10:"class_name";s:15:"clsGetConnected";s:17:"template_filename";s:33:"admin/signup/getconnected.tpl.php";s:21:"templateform_filename";s:38:"admin/signup/getconnected_form.tpl.php";s:7:"chkmenu";s:1:"1";s:7:"chkmain";s:1:"1";s:13:"chkcontroller";s:1:"1";s:8:"chkclass";s:1:"1";s:11:"chktemplate";s:1:"1";s:15:"chktemplateform";s:1:"1";s:5:"ud_id";a:0:{}s:9:"user_type";a:0:{}}');

-- --------------------------------------------------------

--
-- Table structure for table `app_userdept`
--

CREATE TABLE IF NOT EXISTS `app_userdept` (
  `ud_id` int(10) unsigned NOT NULL auto_increment,
  `ud_name` varchar(45) collate latin1_general_ci default NULL,
  `ud_desc` varchar(45) collate latin1_general_ci default NULL,
  PRIMARY KEY  (`ud_id`)
) ENGINE=MyISAM  DEFAULT CHARSET=latin1 COLLATE=latin1_general_ci AUTO_INCREMENT=5 ;

--
-- Dumping data for table `app_userdept`
--

INSERT INTO `app_userdept` (`ud_id`, `ud_name`, `ud_desc`) VALUES
(1, 'Sogod', ''),
(2, 'Main Branch', '    '),
(3, 'Maasin', '            '),
(4, 'Leyte', '        ');

-- --------------------------------------------------------

--
-- Table structure for table `app_users`
--

CREATE TABLE IF NOT EXISTS `app_users` (
  `user_id` int(11) NOT NULL auto_increment,
  `ud_id` int(10) unsigned NOT NULL,
  `church_id` int(20) NOT NULL,
  `user_name` varchar(100) character set latin1 collate latin1_general_ci default NULL,
  `user_fullname` varchar(255) character set latin1 collate latin1_general_ci NOT NULL,
  `user_password` varchar(100) character set latin1 collate latin1_general_ci default NULL,
  `user_type` varchar(64) character set latin1 collate latin1_general_ci NOT NULL,
  `user_status` tinyint(2) NOT NULL default '1',
  PRIMARY KEY  (`user_id`),
  KEY `user_name` (`user_name`),
  KEY `user_password` (`user_password`),
  KEY `app_users_FKIndex1` (`user_type`),
  KEY `app_users_FKIndex2` (`ud_id`),
  KEY `church_id` (`church_id`)
) ENGINE=MyISAM  DEFAULT CHARSET=latin1 AUTO_INCREMENT=17 ;

--
-- Dumping data for table `app_users`
--

INSERT INTO `app_users` (`user_id`, `ud_id`, `church_id`, `user_name`, `user_fullname`, `user_password`, `user_type`, `user_status`) VALUES
(2, 2, 1, 'admin', 'Administrator', '21232f297a57a5a743894a0e4a801fc3', 'Super Administrator', 1),
(5, 1, 0, 'cash1', 'Cashier Register Terminal 1', 'd8578edf8458ce06fbc5bb76a58c5ca4', 'Cashier', 1),
(6, 4, 0, 'cashier2', 'Cashier Register Terminal 2', 'd41d8cd98f00b204e9800998ecf8427e', 'Cashier', 1),
(7, 1, 0, 'scash1', 'Sogon Cash Register Terminal 1', 'd8578edf8458ce06fbc5bb76a58c5ca4', 'Super Administrator', 1),
(8, 4, 0, 'lcash1', 'Leyte Cash Register Terminal 1', 'd8578edf8458ce06fbc5bb76a58c5ca4', 'Super Administrator', 1),
(9, 3, 0, 'maasinadmin', 'Maasin Administrator', 'd8578edf8458ce06fbc5bb76a58c5ca4', 'Super Administrator', 1),
(10, 4, 2, 'Balan', 'Balan Balanan', 'd8578edf8458ce06fbc5bb76a58c5ca4', 'Branch Manager', 1),
(11, 1, 0, 'kew', 'Ricardo Datuin', 'efe6398127928f1b2e9ef3207fb82663', 'Branch Manager', 1),
(12, 4, 0, 'vhan.banaag', 'Vhan Banaag', 'd8578edf8458ce06fbc5bb76a58c5ca4', 'Validator', 1),
(13, 0, 0, 'jenny', 'Jenny Pinaghirapan', 'd8578edf8458ce06fbc5bb76a58c5ca4', 'Member', 2),
(14, 1, 27, 'gino', 'Gino Ombag', 'd8578edf8458ce06fbc5bb76a58c5ca4', 'Member', 1),
(15, 1, 1, 'ohmel', 'Administrator', 'd8578edf8458ce06fbc5bb76a58c5ca4', 'Member', 1),
(16, 0, 2, 'Ace', 'ako', '101a6ec9f938885df0a44f20458d2eb4', 'Member', 1);

-- --------------------------------------------------------

--
-- Table structure for table `app_userstypeaccess`
--

CREATE TABLE IF NOT EXISTS `app_userstypeaccess` (
  `uta_id` int(11) NOT NULL auto_increment,
  `ud_id` int(10) unsigned NOT NULL,
  `mnu_id` int(11) NOT NULL,
  `user_type` varchar(64) collate latin1_general_ci NOT NULL,
  PRIMARY KEY  (`uta_id`),
  KEY `mnu_id` (`mnu_id`),
  KEY `user_type` (`user_type`),
  KEY `app_userstypeaccess_FKIndex1` (`user_type`),
  KEY `app_userstypeaccess_FKIndex2` (`mnu_id`),
  KEY `app_userstypeaccess_FKIndex3` (`ud_id`)
) ENGINE=MyISAM  DEFAULT CHARSET=latin1 COLLATE=latin1_general_ci AUTO_INCREMENT=53066 ;

--
-- Dumping data for table `app_userstypeaccess`
--

INSERT INTO `app_userstypeaccess` (`uta_id`, `ud_id`, `mnu_id`, `user_type`) VALUES
(27, 2, 7, 'Administrator'),
(29, 2, 4, 'Administrator'),
(30, 2, 3, 'Administrator'),
(31, 2, 2, 'Administrator'),
(32, 2, 5, 'Administrator'),
(33, 1, 7, 'Administrator'),
(35, 1, 4, 'Administrator'),
(36, 1, 3, 'Administrator'),
(37, 1, 2, 'Administrator'),
(38, 1, 5, 'Administrator'),
(13731, 12, 53, 'Librarian'),
(13729, 12, 51, 'Librarian'),
(13727, 12, 58, 'Librarian'),
(13725, 12, 44, 'Librarian'),
(13723, 12, 46, 'Librarian'),
(13721, 12, 42, 'Librarian'),
(13719, 12, 41, 'Librarian'),
(13717, 12, 40, 'Librarian'),
(13715, 12, 38, 'Librarian'),
(13713, 12, 49, 'Librarian'),
(13711, 12, 31, 'Librarian'),
(13709, 12, 48, 'Librarian'),
(13707, 12, 45, 'Librarian'),
(13705, 12, 61, 'Librarian'),
(13703, 12, 30, 'Librarian'),
(732, 3, 18, 'librarian'),
(730, 3, 21, 'librarian'),
(729, 3, 8, 'librarian'),
(728, 3, 16, 'librarian'),
(727, 3, 15, 'librarian'),
(726, 3, 9, 'librarian'),
(725, 3, 17, 'librarian'),
(724, 3, 20, 'librarian'),
(13701, 12, 29, 'Librarian'),
(723, 3, 13, 'librarian'),
(13699, 12, 52, 'Librarian'),
(13697, 12, 59, 'Librarian'),
(722, 3, 12, 'librarian'),
(721, 3, 11, 'librarian'),
(720, 3, 7, 'librarian'),
(13695, 12, 63, 'Librarian'),
(13693, 12, 17, 'Librarian'),
(13691, 12, 62, 'Librarian'),
(13689, 12, 33, 'Librarian'),
(13687, 12, 50, 'Librarian'),
(13685, 12, 20, 'Librarian'),
(13683, 12, 13, 'Librarian'),
(13681, 12, 12, 'Librarian'),
(13679, 12, 11, 'Librarian'),
(13677, 12, 39, 'Librarian'),
(13675, 12, 32, 'Librarian'),
(13673, 12, 23, 'Librarian'),
(13671, 12, 22, 'Librarian'),
(13669, 12, 7, 'Librarian'),
(733, 3, 19, 'librarian'),
(30031, 16, 44, 'graphic'),
(30029, 16, 17, 'graphic'),
(30027, 16, 62, 'graphic'),
(30025, 16, 11, 'graphic'),
(30023, 16, 39, 'graphic'),
(30021, 16, 32, 'graphic'),
(30019, 16, 23, 'graphic'),
(30017, 16, 22, 'graphic'),
(30015, 16, 7, 'graphic'),
(30013, 24, 56, 'graphic'),
(30011, 24, 47, 'graphic'),
(30009, 24, 9, 'graphic'),
(30007, 24, 44, 'graphic'),
(30005, 24, 17, 'graphic'),
(30003, 24, 62, 'graphic'),
(30001, 24, 11, 'graphic'),
(29999, 24, 39, 'graphic'),
(29997, 24, 32, 'graphic'),
(29995, 24, 23, 'graphic'),
(29993, 24, 22, 'graphic'),
(29991, 24, 7, 'graphic'),
(29989, 27, 56, 'graphic'),
(29987, 27, 47, 'graphic'),
(29985, 27, 9, 'graphic'),
(29983, 27, 44, 'graphic'),
(29981, 27, 17, 'graphic'),
(29979, 27, 62, 'graphic'),
(29977, 27, 11, 'graphic'),
(29975, 27, 39, 'graphic'),
(29973, 27, 32, 'graphic'),
(29971, 27, 23, 'graphic'),
(29969, 27, 22, 'graphic'),
(29967, 27, 7, 'graphic'),
(29965, 12, 56, 'graphic'),
(29963, 12, 47, 'graphic'),
(29961, 12, 9, 'graphic'),
(29959, 12, 44, 'graphic'),
(29957, 12, 17, 'graphic'),
(29955, 12, 62, 'graphic'),
(29953, 12, 11, 'graphic'),
(29951, 12, 39, 'graphic'),
(29949, 12, 32, 'graphic'),
(29947, 12, 23, 'graphic'),
(29945, 12, 22, 'graphic'),
(29943, 12, 7, 'graphic'),
(19211, 10, 19, 'HRISUSER'),
(19209, 10, 18, 'HRISUSER'),
(19207, 10, 10, 'HRISUSER'),
(19205, 10, 14, 'HRISUSER'),
(19203, 10, 43, 'HRISUSER'),
(19201, 10, 37, 'HRISUSER'),
(19199, 10, 36, 'HRISUSER'),
(19197, 10, 60, 'HRISUSER'),
(19195, 10, 35, 'HRISUSER'),
(19193, 10, 34, 'HRISUSER'),
(19191, 10, 21, 'HRISUSER'),
(19189, 10, 57, 'HRISUSER'),
(19187, 10, 56, 'HRISUSER'),
(19185, 10, 47, 'HRISUSER'),
(19183, 10, 8, 'HRISUSER'),
(19181, 10, 16, 'HRISUSER'),
(19179, 10, 15, 'HRISUSER'),
(19177, 10, 9, 'HRISUSER'),
(19175, 10, 55, 'HRISUSER'),
(19173, 10, 54, 'HRISUSER'),
(19171, 10, 53, 'HRISUSER'),
(19169, 10, 51, 'HRISUSER'),
(19167, 10, 58, 'HRISUSER'),
(19165, 10, 44, 'HRISUSER'),
(19163, 10, 46, 'HRISUSER'),
(19161, 10, 42, 'HRISUSER'),
(19159, 10, 41, 'HRISUSER'),
(19157, 10, 40, 'HRISUSER'),
(19155, 10, 38, 'HRISUSER'),
(19153, 10, 49, 'HRISUSER'),
(19151, 10, 31, 'HRISUSER'),
(19149, 10, 48, 'HRISUSER'),
(19147, 10, 45, 'HRISUSER'),
(19145, 10, 61, 'HRISUSER'),
(19143, 10, 30, 'HRISUSER'),
(19141, 10, 29, 'HRISUSER'),
(19139, 10, 52, 'HRISUSER'),
(19137, 10, 59, 'HRISUSER'),
(19135, 10, 28, 'HRISUSER'),
(19133, 10, 26, 'HRISUSER'),
(19131, 10, 63, 'HRISUSER'),
(19129, 10, 17, 'HRISUSER'),
(19127, 10, 62, 'HRISUSER'),
(19125, 10, 50, 'HRISUSER'),
(19123, 10, 20, 'HRISUSER'),
(19121, 10, 13, 'HRISUSER'),
(19119, 10, 12, 'HRISUSER'),
(19117, 10, 11, 'HRISUSER'),
(19115, 10, 39, 'HRISUSER'),
(19113, 10, 32, 'HRISUSER'),
(19111, 10, 23, 'HRISUSER'),
(19109, 10, 22, 'HRISUSER'),
(19107, 10, 3, 'HRISUSER'),
(19105, 10, 7, 'HRISUSER'),
(19103, 17, 19, 'HRISUSER'),
(19101, 17, 18, 'HRISUSER'),
(19099, 17, 10, 'HRISUSER'),
(19097, 17, 14, 'HRISUSER'),
(19095, 17, 43, 'HRISUSER'),
(19093, 17, 37, 'HRISUSER'),
(19091, 17, 36, 'HRISUSER'),
(19089, 17, 60, 'HRISUSER'),
(19087, 17, 35, 'HRISUSER'),
(19085, 17, 34, 'HRISUSER'),
(19083, 17, 21, 'HRISUSER'),
(19081, 17, 57, 'HRISUSER'),
(19079, 17, 56, 'HRISUSER'),
(19077, 17, 47, 'HRISUSER'),
(19075, 17, 8, 'HRISUSER'),
(19073, 17, 16, 'HRISUSER'),
(19071, 17, 15, 'HRISUSER'),
(19069, 17, 9, 'HRISUSER'),
(19067, 17, 55, 'HRISUSER'),
(19065, 17, 54, 'HRISUSER'),
(19063, 17, 53, 'HRISUSER'),
(19061, 17, 51, 'HRISUSER'),
(19059, 17, 58, 'HRISUSER'),
(19057, 17, 44, 'HRISUSER'),
(19055, 17, 46, 'HRISUSER'),
(19053, 17, 42, 'HRISUSER'),
(19051, 17, 41, 'HRISUSER'),
(19049, 17, 40, 'HRISUSER'),
(19047, 17, 38, 'HRISUSER'),
(19045, 17, 49, 'HRISUSER'),
(19043, 17, 31, 'HRISUSER'),
(19041, 17, 48, 'HRISUSER'),
(19039, 17, 45, 'HRISUSER'),
(19037, 17, 61, 'HRISUSER'),
(19035, 17, 30, 'HRISUSER'),
(19033, 17, 29, 'HRISUSER'),
(19031, 17, 52, 'HRISUSER'),
(19029, 17, 59, 'HRISUSER'),
(19027, 17, 28, 'HRISUSER'),
(19025, 17, 26, 'HRISUSER'),
(19023, 17, 63, 'HRISUSER'),
(19021, 17, 17, 'HRISUSER'),
(19019, 17, 62, 'HRISUSER'),
(19017, 17, 50, 'HRISUSER'),
(19015, 17, 20, 'HRISUSER'),
(19013, 17, 13, 'HRISUSER'),
(19011, 17, 12, 'HRISUSER'),
(19009, 17, 11, 'HRISUSER'),
(19007, 17, 39, 'HRISUSER'),
(19005, 17, 32, 'HRISUSER'),
(19003, 17, 23, 'HRISUSER'),
(19001, 17, 22, 'HRISUSER'),
(18999, 17, 3, 'HRISUSER'),
(18997, 17, 7, 'HRISUSER'),
(18995, 34, 19, 'HRISUSER'),
(18993, 34, 18, 'HRISUSER'),
(18991, 34, 10, 'HRISUSER'),
(18989, 34, 14, 'HRISUSER'),
(18987, 34, 43, 'HRISUSER'),
(18985, 34, 37, 'HRISUSER'),
(18983, 34, 36, 'HRISUSER'),
(18981, 34, 60, 'HRISUSER'),
(18979, 34, 35, 'HRISUSER'),
(18977, 34, 34, 'HRISUSER'),
(18975, 34, 21, 'HRISUSER'),
(18973, 34, 57, 'HRISUSER'),
(18971, 34, 56, 'HRISUSER'),
(18969, 34, 47, 'HRISUSER'),
(18967, 34, 8, 'HRISUSER'),
(18965, 34, 16, 'HRISUSER'),
(18963, 34, 15, 'HRISUSER'),
(18961, 34, 9, 'HRISUSER'),
(18959, 34, 55, 'HRISUSER'),
(18957, 34, 54, 'HRISUSER'),
(18955, 34, 53, 'HRISUSER'),
(18953, 34, 51, 'HRISUSER'),
(18951, 34, 58, 'HRISUSER'),
(18949, 34, 44, 'HRISUSER'),
(18947, 34, 46, 'HRISUSER'),
(18945, 34, 42, 'HRISUSER'),
(18943, 34, 41, 'HRISUSER'),
(18941, 34, 40, 'HRISUSER'),
(18939, 34, 38, 'HRISUSER'),
(18937, 34, 49, 'HRISUSER'),
(18935, 34, 31, 'HRISUSER'),
(18933, 34, 48, 'HRISUSER'),
(18931, 34, 45, 'HRISUSER'),
(18929, 34, 61, 'HRISUSER'),
(18927, 34, 30, 'HRISUSER'),
(18925, 34, 29, 'HRISUSER'),
(18923, 34, 52, 'HRISUSER'),
(18921, 34, 59, 'HRISUSER'),
(18919, 34, 28, 'HRISUSER'),
(18917, 34, 26, 'HRISUSER'),
(18915, 34, 63, 'HRISUSER'),
(18913, 34, 17, 'HRISUSER'),
(18911, 34, 62, 'HRISUSER'),
(18909, 34, 50, 'HRISUSER'),
(18907, 34, 20, 'HRISUSER'),
(18905, 34, 13, 'HRISUSER'),
(18903, 34, 12, 'HRISUSER'),
(18901, 34, 11, 'HRISUSER'),
(18899, 34, 39, 'HRISUSER'),
(18897, 34, 32, 'HRISUSER'),
(18895, 34, 23, 'HRISUSER'),
(18893, 34, 22, 'HRISUSER'),
(18891, 34, 3, 'HRISUSER'),
(18889, 34, 7, 'HRISUSER'),
(18887, 48, 19, 'HRISUSER'),
(18885, 48, 18, 'HRISUSER'),
(18883, 48, 10, 'HRISUSER'),
(18881, 48, 14, 'HRISUSER'),
(18879, 48, 43, 'HRISUSER'),
(18877, 48, 37, 'HRISUSER'),
(18875, 48, 36, 'HRISUSER'),
(18873, 48, 60, 'HRISUSER'),
(18871, 48, 35, 'HRISUSER'),
(18869, 48, 34, 'HRISUSER'),
(18867, 48, 21, 'HRISUSER'),
(18865, 48, 57, 'HRISUSER'),
(18863, 48, 56, 'HRISUSER'),
(18861, 48, 47, 'HRISUSER'),
(18859, 48, 8, 'HRISUSER'),
(18857, 48, 16, 'HRISUSER'),
(18855, 48, 15, 'HRISUSER'),
(18853, 48, 9, 'HRISUSER'),
(18851, 48, 55, 'HRISUSER'),
(18849, 48, 54, 'HRISUSER'),
(18847, 48, 53, 'HRISUSER'),
(18845, 48, 51, 'HRISUSER'),
(18843, 48, 58, 'HRISUSER'),
(18841, 48, 44, 'HRISUSER'),
(18839, 48, 46, 'HRISUSER'),
(18837, 48, 42, 'HRISUSER'),
(18835, 48, 41, 'HRISUSER'),
(18833, 48, 40, 'HRISUSER'),
(18831, 48, 38, 'HRISUSER'),
(18829, 48, 49, 'HRISUSER'),
(18827, 48, 31, 'HRISUSER'),
(18825, 48, 48, 'HRISUSER'),
(18823, 48, 45, 'HRISUSER'),
(18821, 48, 61, 'HRISUSER'),
(18819, 48, 30, 'HRISUSER'),
(18817, 48, 29, 'HRISUSER'),
(18815, 48, 52, 'HRISUSER'),
(18813, 48, 59, 'HRISUSER'),
(18811, 48, 28, 'HRISUSER'),
(18809, 48, 26, 'HRISUSER'),
(18807, 48, 63, 'HRISUSER'),
(18805, 48, 17, 'HRISUSER'),
(18803, 48, 62, 'HRISUSER'),
(18801, 48, 50, 'HRISUSER'),
(18799, 48, 20, 'HRISUSER'),
(18797, 48, 13, 'HRISUSER'),
(18795, 48, 12, 'HRISUSER'),
(18793, 48, 11, 'HRISUSER'),
(18791, 48, 39, 'HRISUSER'),
(18789, 48, 32, 'HRISUSER'),
(18787, 48, 23, 'HRISUSER'),
(18785, 48, 22, 'HRISUSER'),
(18783, 48, 3, 'HRISUSER'),
(18781, 48, 7, 'HRISUSER'),
(18779, 32, 19, 'HRISUSER'),
(18777, 32, 18, 'HRISUSER'),
(18775, 32, 10, 'HRISUSER'),
(18773, 32, 14, 'HRISUSER'),
(18771, 32, 43, 'HRISUSER'),
(18769, 32, 37, 'HRISUSER'),
(18767, 32, 36, 'HRISUSER'),
(18765, 32, 60, 'HRISUSER'),
(18763, 32, 35, 'HRISUSER'),
(18761, 32, 34, 'HRISUSER'),
(18759, 32, 21, 'HRISUSER'),
(18757, 32, 57, 'HRISUSER'),
(18755, 32, 56, 'HRISUSER'),
(18753, 32, 47, 'HRISUSER'),
(18751, 32, 8, 'HRISUSER'),
(18749, 32, 16, 'HRISUSER'),
(18747, 32, 15, 'HRISUSER'),
(18745, 32, 9, 'HRISUSER'),
(18743, 32, 55, 'HRISUSER'),
(18741, 32, 54, 'HRISUSER'),
(18739, 32, 53, 'HRISUSER'),
(18737, 32, 51, 'HRISUSER'),
(18735, 32, 58, 'HRISUSER'),
(18733, 32, 44, 'HRISUSER'),
(18731, 32, 46, 'HRISUSER'),
(18729, 32, 42, 'HRISUSER'),
(18727, 32, 41, 'HRISUSER'),
(18725, 32, 40, 'HRISUSER'),
(18723, 32, 38, 'HRISUSER'),
(18721, 32, 49, 'HRISUSER'),
(18719, 32, 31, 'HRISUSER'),
(18717, 32, 48, 'HRISUSER'),
(18715, 32, 45, 'HRISUSER'),
(18713, 32, 61, 'HRISUSER'),
(18711, 32, 30, 'HRISUSER'),
(18709, 32, 29, 'HRISUSER'),
(18707, 32, 52, 'HRISUSER'),
(18705, 32, 59, 'HRISUSER'),
(18703, 32, 28, 'HRISUSER'),
(18701, 32, 26, 'HRISUSER'),
(18699, 32, 63, 'HRISUSER'),
(18697, 32, 17, 'HRISUSER'),
(18695, 32, 62, 'HRISUSER'),
(18693, 32, 50, 'HRISUSER'),
(18691, 32, 20, 'HRISUSER'),
(18689, 32, 13, 'HRISUSER'),
(18687, 32, 12, 'HRISUSER'),
(18685, 32, 11, 'HRISUSER'),
(18683, 32, 39, 'HRISUSER'),
(18681, 32, 32, 'HRISUSER'),
(18679, 32, 23, 'HRISUSER'),
(18677, 32, 22, 'HRISUSER'),
(18675, 32, 3, 'HRISUSER'),
(18673, 32, 7, 'HRISUSER'),
(18671, 2, 19, 'HRISUSER'),
(18669, 2, 18, 'HRISUSER'),
(18667, 2, 10, 'HRISUSER'),
(18665, 2, 14, 'HRISUSER'),
(18663, 2, 43, 'HRISUSER'),
(18661, 2, 37, 'HRISUSER'),
(18659, 2, 36, 'HRISUSER'),
(18657, 2, 60, 'HRISUSER'),
(18655, 2, 35, 'HRISUSER'),
(18653, 2, 34, 'HRISUSER'),
(18651, 2, 21, 'HRISUSER'),
(18649, 2, 57, 'HRISUSER'),
(18647, 2, 56, 'HRISUSER'),
(18645, 2, 47, 'HRISUSER'),
(18643, 2, 8, 'HRISUSER'),
(18641, 2, 16, 'HRISUSER'),
(18639, 2, 15, 'HRISUSER'),
(18637, 2, 9, 'HRISUSER'),
(18635, 2, 55, 'HRISUSER'),
(18633, 2, 54, 'HRISUSER'),
(18631, 2, 53, 'HRISUSER'),
(18629, 2, 51, 'HRISUSER'),
(18627, 2, 58, 'HRISUSER'),
(18625, 2, 44, 'HRISUSER'),
(18623, 2, 46, 'HRISUSER'),
(18621, 2, 42, 'HRISUSER'),
(18619, 2, 41, 'HRISUSER'),
(18617, 2, 40, 'HRISUSER'),
(18615, 2, 38, 'HRISUSER'),
(18613, 2, 49, 'HRISUSER'),
(18611, 2, 31, 'HRISUSER'),
(18609, 2, 48, 'HRISUSER'),
(18607, 2, 45, 'HRISUSER'),
(18605, 2, 61, 'HRISUSER'),
(18603, 2, 30, 'HRISUSER'),
(18601, 2, 29, 'HRISUSER'),
(18599, 2, 52, 'HRISUSER'),
(18597, 2, 59, 'HRISUSER'),
(18595, 2, 28, 'HRISUSER'),
(18593, 2, 26, 'HRISUSER'),
(18591, 2, 63, 'HRISUSER'),
(18589, 2, 17, 'HRISUSER'),
(18587, 2, 62, 'HRISUSER'),
(18585, 2, 50, 'HRISUSER'),
(18583, 2, 20, 'HRISUSER'),
(18581, 2, 13, 'HRISUSER'),
(18579, 2, 12, 'HRISUSER'),
(18577, 2, 11, 'HRISUSER'),
(18575, 2, 39, 'HRISUSER'),
(18573, 2, 32, 'HRISUSER'),
(18571, 2, 23, 'HRISUSER'),
(18569, 2, 22, 'HRISUSER'),
(18567, 2, 3, 'HRISUSER'),
(18565, 2, 7, 'HRISUSER'),
(18563, 19, 19, 'HRISUSER'),
(18561, 19, 18, 'HRISUSER'),
(18559, 19, 10, 'HRISUSER'),
(18557, 19, 14, 'HRISUSER'),
(18555, 19, 43, 'HRISUSER'),
(18553, 19, 37, 'HRISUSER'),
(18551, 19, 36, 'HRISUSER'),
(18549, 19, 60, 'HRISUSER'),
(18547, 19, 35, 'HRISUSER'),
(18545, 19, 34, 'HRISUSER'),
(18543, 19, 21, 'HRISUSER'),
(18541, 19, 57, 'HRISUSER'),
(18539, 19, 56, 'HRISUSER'),
(18537, 19, 47, 'HRISUSER'),
(18535, 19, 8, 'HRISUSER'),
(18533, 19, 16, 'HRISUSER'),
(18531, 19, 15, 'HRISUSER'),
(18529, 19, 9, 'HRISUSER'),
(18527, 19, 55, 'HRISUSER'),
(18525, 19, 54, 'HRISUSER'),
(18523, 19, 53, 'HRISUSER'),
(18521, 19, 51, 'HRISUSER'),
(18519, 19, 58, 'HRISUSER'),
(18517, 19, 44, 'HRISUSER'),
(18515, 19, 46, 'HRISUSER'),
(18513, 19, 42, 'HRISUSER'),
(18511, 19, 41, 'HRISUSER'),
(18509, 19, 40, 'HRISUSER'),
(18507, 19, 38, 'HRISUSER'),
(18505, 19, 49, 'HRISUSER'),
(18503, 19, 31, 'HRISUSER'),
(18501, 19, 48, 'HRISUSER'),
(18499, 19, 45, 'HRISUSER'),
(18497, 19, 61, 'HRISUSER'),
(18495, 19, 30, 'HRISUSER'),
(18493, 19, 29, 'HRISUSER'),
(18491, 19, 52, 'HRISUSER'),
(18489, 19, 59, 'HRISUSER'),
(18487, 19, 28, 'HRISUSER'),
(18485, 19, 26, 'HRISUSER'),
(18483, 19, 63, 'HRISUSER'),
(18481, 19, 17, 'HRISUSER'),
(18479, 19, 62, 'HRISUSER'),
(18477, 19, 50, 'HRISUSER'),
(18475, 19, 20, 'HRISUSER'),
(18473, 19, 13, 'HRISUSER'),
(18471, 19, 12, 'HRISUSER'),
(18469, 19, 11, 'HRISUSER'),
(18467, 19, 39, 'HRISUSER'),
(18465, 19, 32, 'HRISUSER'),
(18463, 19, 23, 'HRISUSER'),
(18461, 19, 22, 'HRISUSER'),
(18459, 19, 3, 'HRISUSER'),
(18457, 19, 7, 'HRISUSER'),
(18455, 21, 19, 'HRISUSER'),
(18453, 21, 18, 'HRISUSER'),
(18451, 21, 10, 'HRISUSER'),
(18449, 21, 14, 'HRISUSER'),
(18447, 21, 43, 'HRISUSER'),
(18445, 21, 37, 'HRISUSER'),
(18443, 21, 36, 'HRISUSER'),
(18441, 21, 60, 'HRISUSER'),
(18439, 21, 35, 'HRISUSER'),
(18437, 21, 34, 'HRISUSER'),
(18435, 21, 21, 'HRISUSER'),
(18433, 21, 57, 'HRISUSER'),
(18431, 21, 56, 'HRISUSER'),
(18429, 21, 47, 'HRISUSER'),
(18427, 21, 8, 'HRISUSER'),
(18425, 21, 16, 'HRISUSER'),
(18423, 21, 15, 'HRISUSER'),
(18421, 21, 9, 'HRISUSER'),
(18419, 21, 55, 'HRISUSER'),
(18417, 21, 54, 'HRISUSER'),
(18415, 21, 53, 'HRISUSER'),
(18413, 21, 51, 'HRISUSER'),
(18411, 21, 58, 'HRISUSER'),
(18409, 21, 44, 'HRISUSER'),
(18407, 21, 46, 'HRISUSER'),
(18405, 21, 42, 'HRISUSER'),
(18403, 21, 41, 'HRISUSER'),
(18401, 21, 40, 'HRISUSER'),
(18399, 21, 38, 'HRISUSER'),
(18397, 21, 49, 'HRISUSER'),
(18395, 21, 31, 'HRISUSER'),
(18393, 21, 48, 'HRISUSER'),
(18391, 21, 45, 'HRISUSER'),
(18389, 21, 61, 'HRISUSER'),
(18387, 21, 30, 'HRISUSER'),
(18385, 21, 29, 'HRISUSER'),
(18383, 21, 52, 'HRISUSER'),
(18381, 21, 59, 'HRISUSER'),
(18379, 21, 28, 'HRISUSER'),
(18377, 21, 26, 'HRISUSER'),
(18375, 21, 63, 'HRISUSER'),
(18373, 21, 17, 'HRISUSER'),
(18371, 21, 62, 'HRISUSER'),
(18369, 21, 50, 'HRISUSER'),
(18367, 21, 20, 'HRISUSER'),
(18365, 21, 13, 'HRISUSER'),
(18363, 21, 12, 'HRISUSER'),
(18361, 21, 11, 'HRISUSER'),
(18359, 21, 39, 'HRISUSER'),
(18357, 21, 32, 'HRISUSER'),
(18355, 21, 23, 'HRISUSER'),
(18353, 21, 22, 'HRISUSER'),
(18351, 21, 3, 'HRISUSER'),
(18349, 21, 7, 'HRISUSER'),
(18347, 20, 19, 'HRISUSER'),
(18345, 20, 18, 'HRISUSER'),
(18343, 20, 10, 'HRISUSER'),
(18341, 20, 14, 'HRISUSER'),
(18339, 20, 43, 'HRISUSER'),
(18337, 20, 37, 'HRISUSER'),
(18335, 20, 36, 'HRISUSER'),
(18333, 20, 60, 'HRISUSER'),
(18331, 20, 35, 'HRISUSER'),
(18329, 20, 34, 'HRISUSER'),
(18327, 20, 21, 'HRISUSER'),
(18325, 20, 57, 'HRISUSER'),
(18323, 20, 56, 'HRISUSER'),
(18321, 20, 47, 'HRISUSER'),
(18319, 20, 8, 'HRISUSER'),
(18317, 20, 16, 'HRISUSER'),
(18315, 20, 15, 'HRISUSER'),
(18313, 20, 9, 'HRISUSER'),
(18311, 20, 55, 'HRISUSER'),
(18309, 20, 54, 'HRISUSER'),
(18307, 20, 53, 'HRISUSER'),
(18305, 20, 51, 'HRISUSER'),
(18303, 20, 58, 'HRISUSER'),
(18301, 20, 44, 'HRISUSER'),
(18299, 20, 46, 'HRISUSER'),
(18297, 20, 42, 'HRISUSER'),
(18295, 20, 41, 'HRISUSER'),
(18293, 20, 40, 'HRISUSER'),
(18291, 20, 38, 'HRISUSER'),
(18289, 20, 49, 'HRISUSER'),
(18287, 20, 31, 'HRISUSER'),
(18285, 20, 48, 'HRISUSER'),
(18283, 20, 45, 'HRISUSER'),
(18281, 20, 61, 'HRISUSER'),
(18279, 20, 30, 'HRISUSER'),
(18277, 20, 29, 'HRISUSER'),
(18275, 20, 52, 'HRISUSER'),
(18273, 20, 59, 'HRISUSER'),
(18271, 20, 28, 'HRISUSER'),
(18269, 20, 26, 'HRISUSER'),
(18267, 20, 63, 'HRISUSER'),
(18265, 20, 17, 'HRISUSER'),
(18263, 20, 62, 'HRISUSER'),
(18261, 20, 50, 'HRISUSER'),
(18259, 20, 20, 'HRISUSER'),
(18257, 20, 13, 'HRISUSER'),
(18255, 20, 12, 'HRISUSER'),
(18253, 20, 11, 'HRISUSER'),
(18251, 20, 39, 'HRISUSER'),
(18249, 20, 32, 'HRISUSER'),
(18247, 20, 23, 'HRISUSER'),
(18245, 20, 22, 'HRISUSER'),
(18243, 20, 3, 'HRISUSER'),
(18241, 20, 7, 'HRISUSER'),
(18239, 42, 19, 'HRISUSER'),
(18237, 42, 18, 'HRISUSER'),
(18235, 42, 10, 'HRISUSER'),
(18233, 42, 14, 'HRISUSER'),
(18231, 42, 43, 'HRISUSER'),
(18229, 42, 37, 'HRISUSER'),
(18227, 42, 36, 'HRISUSER'),
(18225, 42, 60, 'HRISUSER'),
(18223, 42, 35, 'HRISUSER'),
(18221, 42, 34, 'HRISUSER'),
(18219, 42, 21, 'HRISUSER'),
(18217, 42, 57, 'HRISUSER'),
(18215, 42, 56, 'HRISUSER'),
(18213, 42, 47, 'HRISUSER'),
(18211, 42, 8, 'HRISUSER'),
(18209, 42, 16, 'HRISUSER'),
(18207, 42, 15, 'HRISUSER'),
(18205, 42, 9, 'HRISUSER'),
(18203, 42, 55, 'HRISUSER'),
(18201, 42, 54, 'HRISUSER'),
(18199, 42, 53, 'HRISUSER'),
(18197, 42, 51, 'HRISUSER'),
(18195, 42, 58, 'HRISUSER'),
(18193, 42, 44, 'HRISUSER'),
(18191, 42, 46, 'HRISUSER'),
(18189, 42, 42, 'HRISUSER'),
(18187, 42, 41, 'HRISUSER'),
(18185, 42, 40, 'HRISUSER'),
(18183, 42, 38, 'HRISUSER'),
(18181, 42, 49, 'HRISUSER'),
(18179, 42, 31, 'HRISUSER'),
(18177, 42, 48, 'HRISUSER'),
(18175, 42, 45, 'HRISUSER'),
(18173, 42, 61, 'HRISUSER'),
(18171, 42, 30, 'HRISUSER'),
(18169, 42, 29, 'HRISUSER'),
(18167, 42, 52, 'HRISUSER'),
(18165, 42, 59, 'HRISUSER'),
(18163, 42, 28, 'HRISUSER'),
(18161, 42, 26, 'HRISUSER'),
(18159, 42, 63, 'HRISUSER'),
(18157, 42, 17, 'HRISUSER'),
(18155, 42, 62, 'HRISUSER'),
(18153, 42, 50, 'HRISUSER'),
(18151, 42, 20, 'HRISUSER'),
(18149, 42, 13, 'HRISUSER'),
(18147, 42, 12, 'HRISUSER'),
(18145, 42, 11, 'HRISUSER'),
(18143, 42, 39, 'HRISUSER'),
(18141, 42, 32, 'HRISUSER'),
(18139, 42, 23, 'HRISUSER'),
(18137, 42, 22, 'HRISUSER'),
(18135, 42, 3, 'HRISUSER'),
(18133, 42, 7, 'HRISUSER'),
(18131, 15, 19, 'HRISUSER'),
(18129, 15, 18, 'HRISUSER'),
(18127, 15, 10, 'HRISUSER'),
(18125, 15, 14, 'HRISUSER'),
(18123, 15, 43, 'HRISUSER'),
(18121, 15, 37, 'HRISUSER'),
(18119, 15, 36, 'HRISUSER'),
(18117, 15, 60, 'HRISUSER'),
(18115, 15, 35, 'HRISUSER'),
(18113, 15, 34, 'HRISUSER'),
(18111, 15, 21, 'HRISUSER'),
(18109, 15, 57, 'HRISUSER'),
(18107, 15, 56, 'HRISUSER'),
(18105, 15, 47, 'HRISUSER'),
(18103, 15, 8, 'HRISUSER'),
(18101, 15, 16, 'HRISUSER'),
(18099, 15, 15, 'HRISUSER'),
(18097, 15, 9, 'HRISUSER'),
(18095, 15, 55, 'HRISUSER'),
(18093, 15, 54, 'HRISUSER'),
(18091, 15, 53, 'HRISUSER'),
(18089, 15, 51, 'HRISUSER'),
(18087, 15, 58, 'HRISUSER'),
(18085, 15, 44, 'HRISUSER'),
(18083, 15, 46, 'HRISUSER'),
(18081, 15, 42, 'HRISUSER'),
(18079, 15, 41, 'HRISUSER'),
(18077, 15, 40, 'HRISUSER'),
(18075, 15, 38, 'HRISUSER'),
(18073, 15, 49, 'HRISUSER'),
(18071, 15, 31, 'HRISUSER'),
(18069, 15, 48, 'HRISUSER'),
(18067, 15, 45, 'HRISUSER'),
(18065, 15, 61, 'HRISUSER'),
(18063, 15, 30, 'HRISUSER'),
(18061, 15, 29, 'HRISUSER'),
(18059, 15, 52, 'HRISUSER'),
(18057, 15, 59, 'HRISUSER'),
(18055, 15, 28, 'HRISUSER'),
(18053, 15, 26, 'HRISUSER'),
(18051, 15, 63, 'HRISUSER'),
(18049, 15, 17, 'HRISUSER'),
(18047, 15, 62, 'HRISUSER'),
(18045, 15, 50, 'HRISUSER'),
(18043, 15, 20, 'HRISUSER'),
(18041, 15, 13, 'HRISUSER'),
(18039, 15, 12, 'HRISUSER'),
(18037, 15, 11, 'HRISUSER'),
(18035, 15, 39, 'HRISUSER'),
(18033, 15, 32, 'HRISUSER'),
(18031, 15, 23, 'HRISUSER'),
(18029, 15, 22, 'HRISUSER'),
(18027, 15, 3, 'HRISUSER'),
(18025, 15, 7, 'HRISUSER'),
(18023, 41, 19, 'HRISUSER'),
(18021, 41, 18, 'HRISUSER'),
(18019, 41, 10, 'HRISUSER'),
(18017, 41, 14, 'HRISUSER'),
(18015, 41, 43, 'HRISUSER'),
(18013, 41, 37, 'HRISUSER'),
(18011, 41, 36, 'HRISUSER'),
(18009, 41, 60, 'HRISUSER'),
(18007, 41, 35, 'HRISUSER'),
(18005, 41, 34, 'HRISUSER'),
(18003, 41, 21, 'HRISUSER'),
(18001, 41, 57, 'HRISUSER'),
(17999, 41, 56, 'HRISUSER'),
(17997, 41, 47, 'HRISUSER'),
(17995, 41, 8, 'HRISUSER'),
(17993, 41, 16, 'HRISUSER'),
(17991, 41, 15, 'HRISUSER'),
(17989, 41, 9, 'HRISUSER'),
(17987, 41, 55, 'HRISUSER'),
(17985, 41, 54, 'HRISUSER'),
(17983, 41, 53, 'HRISUSER'),
(17981, 41, 51, 'HRISUSER'),
(17979, 41, 58, 'HRISUSER'),
(17977, 41, 44, 'HRISUSER'),
(17975, 41, 46, 'HRISUSER'),
(17973, 41, 42, 'HRISUSER'),
(17971, 41, 41, 'HRISUSER'),
(17969, 41, 40, 'HRISUSER'),
(17967, 41, 38, 'HRISUSER'),
(17965, 41, 49, 'HRISUSER'),
(17963, 41, 31, 'HRISUSER'),
(17961, 41, 48, 'HRISUSER'),
(17959, 41, 45, 'HRISUSER'),
(17957, 41, 61, 'HRISUSER'),
(17955, 41, 30, 'HRISUSER'),
(17953, 41, 29, 'HRISUSER'),
(17951, 41, 52, 'HRISUSER'),
(17949, 41, 59, 'HRISUSER'),
(17947, 41, 28, 'HRISUSER'),
(17945, 41, 26, 'HRISUSER'),
(17943, 41, 63, 'HRISUSER'),
(17941, 41, 17, 'HRISUSER'),
(17939, 41, 62, 'HRISUSER'),
(17937, 41, 50, 'HRISUSER'),
(17935, 41, 20, 'HRISUSER'),
(17933, 41, 13, 'HRISUSER'),
(17931, 41, 12, 'HRISUSER'),
(17929, 41, 11, 'HRISUSER'),
(17927, 41, 39, 'HRISUSER'),
(17925, 41, 32, 'HRISUSER'),
(17923, 41, 23, 'HRISUSER'),
(17921, 41, 22, 'HRISUSER'),
(17919, 41, 3, 'HRISUSER'),
(17917, 41, 7, 'HRISUSER'),
(17915, 4, 19, 'HRISUSER'),
(17913, 4, 18, 'HRISUSER'),
(17911, 4, 10, 'HRISUSER'),
(17909, 4, 14, 'HRISUSER'),
(17907, 4, 43, 'HRISUSER'),
(17905, 4, 37, 'HRISUSER'),
(17903, 4, 36, 'HRISUSER'),
(17901, 4, 60, 'HRISUSER'),
(17899, 4, 35, 'HRISUSER'),
(17897, 4, 34, 'HRISUSER'),
(17895, 4, 21, 'HRISUSER'),
(17893, 4, 57, 'HRISUSER'),
(17891, 4, 56, 'HRISUSER'),
(17889, 4, 47, 'HRISUSER'),
(17887, 4, 8, 'HRISUSER'),
(17885, 4, 16, 'HRISUSER'),
(17883, 4, 15, 'HRISUSER'),
(17881, 4, 9, 'HRISUSER'),
(17879, 4, 55, 'HRISUSER'),
(17877, 4, 54, 'HRISUSER'),
(17875, 4, 53, 'HRISUSER'),
(17873, 4, 51, 'HRISUSER'),
(17871, 4, 58, 'HRISUSER'),
(17869, 4, 44, 'HRISUSER'),
(17867, 4, 46, 'HRISUSER'),
(17865, 4, 42, 'HRISUSER'),
(17863, 4, 41, 'HRISUSER'),
(17861, 4, 40, 'HRISUSER'),
(17859, 4, 38, 'HRISUSER'),
(17857, 4, 49, 'HRISUSER'),
(17855, 4, 31, 'HRISUSER'),
(17853, 4, 48, 'HRISUSER'),
(17851, 4, 45, 'HRISUSER'),
(17849, 4, 61, 'HRISUSER'),
(17847, 4, 30, 'HRISUSER'),
(17845, 4, 29, 'HRISUSER'),
(17843, 4, 52, 'HRISUSER'),
(17841, 4, 59, 'HRISUSER'),
(17839, 4, 28, 'HRISUSER'),
(17837, 4, 26, 'HRISUSER'),
(17835, 4, 63, 'HRISUSER'),
(17833, 4, 17, 'HRISUSER'),
(17831, 4, 62, 'HRISUSER'),
(17829, 4, 50, 'HRISUSER'),
(17827, 4, 20, 'HRISUSER'),
(17825, 4, 13, 'HRISUSER'),
(17823, 4, 12, 'HRISUSER'),
(17821, 4, 11, 'HRISUSER'),
(17819, 4, 39, 'HRISUSER'),
(17817, 4, 32, 'HRISUSER'),
(17815, 4, 23, 'HRISUSER'),
(17813, 4, 22, 'HRISUSER'),
(17811, 4, 3, 'HRISUSER'),
(17809, 4, 7, 'HRISUSER'),
(17807, 33, 19, 'HRISUSER'),
(17805, 33, 18, 'HRISUSER'),
(17803, 33, 10, 'HRISUSER'),
(17801, 33, 14, 'HRISUSER'),
(17799, 33, 43, 'HRISUSER'),
(17797, 33, 37, 'HRISUSER'),
(17795, 33, 36, 'HRISUSER'),
(17793, 33, 60, 'HRISUSER'),
(17791, 33, 35, 'HRISUSER'),
(17789, 33, 34, 'HRISUSER'),
(17787, 33, 21, 'HRISUSER'),
(17785, 33, 57, 'HRISUSER'),
(17783, 33, 56, 'HRISUSER'),
(17781, 33, 47, 'HRISUSER'),
(17779, 33, 8, 'HRISUSER'),
(17777, 33, 16, 'HRISUSER'),
(17775, 33, 15, 'HRISUSER'),
(17773, 33, 9, 'HRISUSER'),
(17771, 33, 55, 'HRISUSER'),
(17769, 33, 54, 'HRISUSER'),
(17767, 33, 53, 'HRISUSER'),
(17765, 33, 51, 'HRISUSER'),
(17763, 33, 58, 'HRISUSER'),
(17761, 33, 44, 'HRISUSER'),
(17759, 33, 46, 'HRISUSER'),
(17757, 33, 42, 'HRISUSER'),
(17755, 33, 41, 'HRISUSER'),
(17753, 33, 40, 'HRISUSER'),
(17751, 33, 38, 'HRISUSER'),
(17749, 33, 49, 'HRISUSER'),
(17747, 33, 31, 'HRISUSER'),
(17745, 33, 48, 'HRISUSER'),
(17743, 33, 45, 'HRISUSER'),
(17741, 33, 61, 'HRISUSER'),
(17739, 33, 30, 'HRISUSER'),
(17737, 33, 29, 'HRISUSER'),
(17735, 33, 52, 'HRISUSER'),
(17733, 33, 59, 'HRISUSER'),
(17731, 33, 28, 'HRISUSER'),
(17729, 33, 26, 'HRISUSER'),
(17727, 33, 63, 'HRISUSER'),
(17725, 33, 17, 'HRISUSER'),
(17723, 33, 62, 'HRISUSER'),
(17721, 33, 50, 'HRISUSER'),
(17719, 33, 20, 'HRISUSER'),
(17717, 33, 13, 'HRISUSER'),
(17715, 33, 12, 'HRISUSER'),
(17713, 33, 11, 'HRISUSER'),
(17711, 33, 39, 'HRISUSER'),
(17709, 33, 32, 'HRISUSER'),
(17707, 33, 23, 'HRISUSER'),
(17705, 33, 22, 'HRISUSER'),
(17703, 33, 3, 'HRISUSER'),
(17701, 33, 7, 'HRISUSER'),
(17699, 16, 19, 'HRISUSER'),
(17697, 16, 18, 'HRISUSER'),
(17695, 16, 10, 'HRISUSER'),
(17693, 16, 14, 'HRISUSER'),
(17691, 16, 43, 'HRISUSER'),
(17689, 16, 37, 'HRISUSER'),
(17687, 16, 36, 'HRISUSER'),
(17685, 16, 60, 'HRISUSER'),
(17683, 16, 35, 'HRISUSER'),
(17681, 16, 34, 'HRISUSER'),
(17679, 16, 21, 'HRISUSER'),
(17677, 16, 57, 'HRISUSER'),
(17675, 16, 56, 'HRISUSER'),
(17673, 16, 47, 'HRISUSER'),
(17671, 16, 8, 'HRISUSER'),
(17669, 16, 16, 'HRISUSER'),
(17667, 16, 15, 'HRISUSER'),
(17665, 16, 9, 'HRISUSER'),
(17663, 16, 55, 'HRISUSER'),
(17661, 16, 54, 'HRISUSER'),
(17659, 16, 53, 'HRISUSER'),
(17657, 16, 51, 'HRISUSER'),
(17655, 16, 58, 'HRISUSER'),
(17653, 16, 44, 'HRISUSER'),
(17651, 16, 46, 'HRISUSER'),
(17649, 16, 42, 'HRISUSER'),
(17647, 16, 41, 'HRISUSER'),
(17645, 16, 40, 'HRISUSER'),
(17643, 16, 38, 'HRISUSER'),
(17641, 16, 49, 'HRISUSER'),
(17639, 16, 31, 'HRISUSER'),
(17637, 16, 48, 'HRISUSER'),
(17635, 16, 45, 'HRISUSER'),
(17633, 16, 61, 'HRISUSER'),
(17631, 16, 30, 'HRISUSER'),
(17629, 16, 29, 'HRISUSER'),
(17627, 16, 52, 'HRISUSER'),
(17625, 16, 59, 'HRISUSER'),
(17623, 16, 28, 'HRISUSER'),
(17621, 16, 26, 'HRISUSER'),
(17619, 16, 63, 'HRISUSER'),
(17617, 16, 17, 'HRISUSER'),
(17615, 16, 62, 'HRISUSER'),
(17613, 16, 50, 'HRISUSER'),
(17611, 16, 20, 'HRISUSER'),
(17609, 16, 13, 'HRISUSER'),
(17607, 16, 12, 'HRISUSER'),
(17605, 16, 11, 'HRISUSER'),
(17603, 16, 39, 'HRISUSER'),
(17601, 16, 32, 'HRISUSER'),
(17599, 16, 23, 'HRISUSER'),
(17597, 16, 22, 'HRISUSER'),
(17595, 16, 3, 'HRISUSER'),
(17593, 16, 7, 'HRISUSER'),
(17591, 5, 19, 'HRISUSER'),
(17589, 5, 18, 'HRISUSER'),
(17587, 5, 10, 'HRISUSER'),
(17585, 5, 14, 'HRISUSER'),
(17583, 5, 43, 'HRISUSER'),
(17581, 5, 37, 'HRISUSER'),
(17579, 5, 36, 'HRISUSER'),
(17577, 5, 60, 'HRISUSER'),
(17575, 5, 35, 'HRISUSER'),
(17573, 5, 34, 'HRISUSER'),
(17571, 5, 21, 'HRISUSER'),
(17569, 5, 57, 'HRISUSER'),
(17567, 5, 56, 'HRISUSER'),
(17565, 5, 47, 'HRISUSER'),
(17563, 5, 8, 'HRISUSER'),
(17561, 5, 16, 'HRISUSER'),
(17559, 5, 15, 'HRISUSER'),
(17557, 5, 9, 'HRISUSER'),
(17555, 5, 55, 'HRISUSER'),
(17553, 5, 54, 'HRISUSER'),
(17551, 5, 53, 'HRISUSER'),
(17549, 5, 51, 'HRISUSER'),
(17547, 5, 58, 'HRISUSER'),
(17545, 5, 44, 'HRISUSER'),
(17543, 5, 46, 'HRISUSER'),
(17541, 5, 42, 'HRISUSER'),
(17539, 5, 41, 'HRISUSER'),
(17537, 5, 40, 'HRISUSER'),
(17535, 5, 38, 'HRISUSER'),
(17533, 5, 49, 'HRISUSER'),
(17531, 5, 31, 'HRISUSER'),
(17529, 5, 48, 'HRISUSER'),
(17527, 5, 45, 'HRISUSER'),
(17525, 5, 61, 'HRISUSER'),
(17523, 5, 30, 'HRISUSER'),
(17521, 5, 29, 'HRISUSER'),
(17519, 5, 52, 'HRISUSER'),
(17517, 5, 59, 'HRISUSER'),
(17515, 5, 28, 'HRISUSER'),
(17513, 5, 26, 'HRISUSER'),
(17511, 5, 63, 'HRISUSER'),
(17509, 5, 17, 'HRISUSER'),
(17507, 5, 62, 'HRISUSER'),
(17505, 5, 50, 'HRISUSER'),
(17503, 5, 20, 'HRISUSER'),
(17501, 5, 13, 'HRISUSER'),
(17499, 5, 12, 'HRISUSER'),
(17497, 5, 11, 'HRISUSER'),
(17495, 5, 39, 'HRISUSER'),
(17493, 5, 32, 'HRISUSER'),
(17491, 5, 23, 'HRISUSER'),
(17489, 5, 22, 'HRISUSER'),
(17487, 5, 3, 'HRISUSER'),
(17485, 5, 7, 'HRISUSER'),
(17483, 24, 19, 'HRISUSER'),
(17481, 24, 18, 'HRISUSER'),
(17479, 24, 10, 'HRISUSER'),
(17477, 24, 14, 'HRISUSER'),
(17475, 24, 43, 'HRISUSER'),
(17473, 24, 37, 'HRISUSER'),
(17471, 24, 36, 'HRISUSER'),
(17469, 24, 60, 'HRISUSER'),
(17467, 24, 35, 'HRISUSER'),
(17465, 24, 34, 'HRISUSER'),
(17463, 24, 21, 'HRISUSER'),
(17461, 24, 57, 'HRISUSER'),
(17459, 24, 56, 'HRISUSER'),
(17457, 24, 47, 'HRISUSER'),
(17455, 24, 8, 'HRISUSER'),
(17453, 24, 16, 'HRISUSER'),
(17451, 24, 15, 'HRISUSER'),
(17449, 24, 9, 'HRISUSER'),
(17447, 24, 55, 'HRISUSER'),
(17445, 24, 54, 'HRISUSER'),
(17443, 24, 53, 'HRISUSER'),
(17441, 24, 51, 'HRISUSER'),
(17439, 24, 58, 'HRISUSER'),
(17437, 24, 44, 'HRISUSER'),
(17435, 24, 46, 'HRISUSER'),
(17433, 24, 42, 'HRISUSER'),
(17431, 24, 41, 'HRISUSER'),
(17429, 24, 40, 'HRISUSER'),
(17427, 24, 38, 'HRISUSER'),
(17425, 24, 49, 'HRISUSER'),
(17423, 24, 31, 'HRISUSER'),
(17421, 24, 48, 'HRISUSER'),
(17419, 24, 45, 'HRISUSER'),
(17417, 24, 61, 'HRISUSER'),
(17415, 24, 30, 'HRISUSER'),
(17413, 24, 29, 'HRISUSER'),
(17411, 24, 52, 'HRISUSER'),
(17409, 24, 59, 'HRISUSER'),
(17407, 24, 28, 'HRISUSER'),
(17405, 24, 26, 'HRISUSER'),
(17403, 24, 63, 'HRISUSER'),
(17401, 24, 17, 'HRISUSER'),
(17399, 24, 62, 'HRISUSER'),
(17397, 24, 50, 'HRISUSER'),
(17395, 24, 20, 'HRISUSER'),
(17393, 24, 13, 'HRISUSER'),
(17391, 24, 12, 'HRISUSER'),
(17389, 24, 11, 'HRISUSER'),
(17387, 24, 39, 'HRISUSER'),
(17385, 24, 32, 'HRISUSER'),
(17383, 24, 23, 'HRISUSER'),
(17381, 24, 22, 'HRISUSER'),
(17379, 24, 3, 'HRISUSER'),
(17377, 24, 7, 'HRISUSER'),
(17375, 27, 19, 'HRISUSER'),
(17373, 27, 18, 'HRISUSER'),
(17371, 27, 10, 'HRISUSER'),
(17369, 27, 14, 'HRISUSER'),
(17367, 27, 43, 'HRISUSER'),
(17365, 27, 37, 'HRISUSER'),
(17363, 27, 36, 'HRISUSER'),
(17361, 27, 60, 'HRISUSER'),
(17359, 27, 35, 'HRISUSER'),
(17357, 27, 34, 'HRISUSER'),
(17355, 27, 21, 'HRISUSER'),
(17353, 27, 57, 'HRISUSER'),
(17351, 27, 56, 'HRISUSER'),
(17349, 27, 47, 'HRISUSER'),
(17347, 27, 8, 'HRISUSER'),
(17345, 27, 16, 'HRISUSER'),
(17343, 27, 15, 'HRISUSER'),
(17341, 27, 9, 'HRISUSER'),
(17339, 27, 55, 'HRISUSER'),
(17337, 27, 54, 'HRISUSER'),
(17335, 27, 53, 'HRISUSER'),
(17333, 27, 51, 'HRISUSER'),
(17331, 27, 58, 'HRISUSER'),
(17329, 27, 44, 'HRISUSER'),
(17327, 27, 46, 'HRISUSER'),
(17325, 27, 42, 'HRISUSER'),
(17323, 27, 41, 'HRISUSER'),
(17321, 27, 40, 'HRISUSER'),
(17319, 27, 38, 'HRISUSER'),
(17317, 27, 49, 'HRISUSER'),
(17315, 27, 31, 'HRISUSER'),
(17313, 27, 48, 'HRISUSER'),
(17311, 27, 45, 'HRISUSER'),
(17309, 27, 61, 'HRISUSER'),
(17307, 27, 30, 'HRISUSER'),
(17305, 27, 29, 'HRISUSER'),
(17303, 27, 52, 'HRISUSER'),
(17301, 27, 59, 'HRISUSER'),
(17299, 27, 28, 'HRISUSER'),
(17297, 27, 26, 'HRISUSER'),
(17295, 27, 63, 'HRISUSER'),
(17293, 27, 17, 'HRISUSER'),
(17291, 27, 62, 'HRISUSER'),
(17289, 27, 50, 'HRISUSER'),
(17287, 27, 20, 'HRISUSER'),
(17285, 27, 13, 'HRISUSER'),
(17283, 27, 12, 'HRISUSER'),
(17281, 27, 11, 'HRISUSER'),
(17279, 27, 39, 'HRISUSER'),
(17277, 27, 32, 'HRISUSER'),
(17275, 27, 23, 'HRISUSER'),
(17273, 27, 22, 'HRISUSER'),
(17271, 27, 3, 'HRISUSER'),
(17269, 27, 7, 'HRISUSER'),
(17267, 47, 19, 'HRISUSER'),
(17265, 47, 18, 'HRISUSER'),
(17263, 47, 10, 'HRISUSER'),
(17261, 47, 14, 'HRISUSER'),
(17259, 47, 43, 'HRISUSER'),
(17257, 47, 37, 'HRISUSER'),
(17255, 47, 36, 'HRISUSER'),
(17253, 47, 60, 'HRISUSER'),
(17251, 47, 35, 'HRISUSER'),
(17249, 47, 34, 'HRISUSER'),
(17247, 47, 21, 'HRISUSER'),
(17245, 47, 57, 'HRISUSER'),
(17243, 47, 56, 'HRISUSER'),
(17241, 47, 47, 'HRISUSER'),
(17239, 47, 8, 'HRISUSER'),
(17237, 47, 16, 'HRISUSER'),
(17235, 47, 15, 'HRISUSER'),
(17233, 47, 9, 'HRISUSER'),
(17231, 47, 55, 'HRISUSER'),
(17229, 47, 54, 'HRISUSER'),
(17227, 47, 53, 'HRISUSER'),
(17225, 47, 51, 'HRISUSER'),
(17223, 47, 58, 'HRISUSER'),
(17221, 47, 44, 'HRISUSER'),
(17219, 47, 46, 'HRISUSER'),
(17217, 47, 42, 'HRISUSER'),
(17215, 47, 41, 'HRISUSER'),
(17213, 47, 40, 'HRISUSER'),
(17211, 47, 38, 'HRISUSER'),
(17209, 47, 49, 'HRISUSER'),
(17207, 47, 31, 'HRISUSER'),
(17205, 47, 48, 'HRISUSER'),
(17203, 47, 45, 'HRISUSER'),
(17201, 47, 61, 'HRISUSER'),
(17199, 47, 30, 'HRISUSER'),
(17197, 47, 29, 'HRISUSER'),
(17195, 47, 52, 'HRISUSER'),
(17193, 47, 59, 'HRISUSER'),
(17191, 47, 28, 'HRISUSER'),
(17189, 47, 26, 'HRISUSER'),
(17187, 47, 63, 'HRISUSER'),
(17185, 47, 17, 'HRISUSER'),
(17183, 47, 62, 'HRISUSER'),
(17181, 47, 50, 'HRISUSER'),
(17179, 47, 20, 'HRISUSER'),
(17177, 47, 13, 'HRISUSER'),
(17175, 47, 12, 'HRISUSER'),
(17173, 47, 11, 'HRISUSER'),
(17171, 47, 39, 'HRISUSER'),
(17169, 47, 32, 'HRISUSER'),
(17167, 47, 23, 'HRISUSER'),
(17165, 47, 22, 'HRISUSER'),
(17163, 47, 3, 'HRISUSER'),
(17161, 47, 7, 'HRISUSER'),
(17159, 11, 19, 'HRISUSER'),
(17157, 11, 18, 'HRISUSER'),
(17155, 11, 10, 'HRISUSER'),
(17153, 11, 14, 'HRISUSER'),
(17151, 11, 43, 'HRISUSER'),
(17149, 11, 37, 'HRISUSER'),
(17147, 11, 36, 'HRISUSER'),
(17145, 11, 60, 'HRISUSER'),
(17143, 11, 35, 'HRISUSER'),
(17141, 11, 34, 'HRISUSER'),
(17139, 11, 21, 'HRISUSER'),
(17137, 11, 57, 'HRISUSER'),
(17135, 11, 56, 'HRISUSER'),
(17133, 11, 47, 'HRISUSER'),
(17131, 11, 8, 'HRISUSER'),
(17129, 11, 16, 'HRISUSER'),
(17127, 11, 15, 'HRISUSER'),
(17125, 11, 9, 'HRISUSER'),
(17123, 11, 55, 'HRISUSER'),
(17121, 11, 54, 'HRISUSER'),
(17119, 11, 53, 'HRISUSER'),
(17117, 11, 51, 'HRISUSER'),
(17115, 11, 58, 'HRISUSER'),
(17113, 11, 44, 'HRISUSER'),
(17111, 11, 46, 'HRISUSER'),
(17109, 11, 42, 'HRISUSER'),
(17107, 11, 41, 'HRISUSER'),
(17105, 11, 40, 'HRISUSER'),
(17103, 11, 38, 'HRISUSER'),
(17101, 11, 49, 'HRISUSER'),
(17099, 11, 31, 'HRISUSER'),
(17097, 11, 48, 'HRISUSER'),
(17095, 11, 45, 'HRISUSER'),
(17093, 11, 61, 'HRISUSER'),
(17091, 11, 30, 'HRISUSER'),
(17089, 11, 29, 'HRISUSER'),
(17087, 11, 52, 'HRISUSER'),
(17085, 11, 59, 'HRISUSER'),
(17083, 11, 28, 'HRISUSER'),
(17081, 11, 26, 'HRISUSER'),
(17079, 11, 63, 'HRISUSER'),
(17077, 11, 17, 'HRISUSER'),
(17075, 11, 62, 'HRISUSER'),
(17073, 11, 50, 'HRISUSER'),
(17071, 11, 20, 'HRISUSER'),
(17069, 11, 13, 'HRISUSER'),
(17067, 11, 12, 'HRISUSER'),
(17065, 11, 11, 'HRISUSER'),
(17063, 11, 39, 'HRISUSER'),
(17061, 11, 32, 'HRISUSER'),
(17059, 11, 23, 'HRISUSER'),
(17057, 11, 22, 'HRISUSER'),
(17055, 11, 3, 'HRISUSER'),
(17053, 11, 7, 'HRISUSER'),
(17051, 38, 19, 'HRISUSER'),
(17049, 38, 18, 'HRISUSER'),
(17047, 38, 10, 'HRISUSER'),
(17045, 38, 14, 'HRISUSER'),
(17043, 38, 43, 'HRISUSER'),
(17041, 38, 37, 'HRISUSER'),
(17039, 38, 36, 'HRISUSER'),
(17037, 38, 60, 'HRISUSER'),
(17035, 38, 35, 'HRISUSER'),
(17033, 38, 34, 'HRISUSER'),
(17031, 38, 21, 'HRISUSER'),
(17029, 38, 57, 'HRISUSER'),
(17027, 38, 56, 'HRISUSER'),
(17025, 38, 47, 'HRISUSER'),
(17023, 38, 8, 'HRISUSER'),
(17021, 38, 16, 'HRISUSER'),
(17019, 38, 15, 'HRISUSER'),
(17017, 38, 9, 'HRISUSER'),
(17015, 38, 55, 'HRISUSER'),
(17013, 38, 54, 'HRISUSER'),
(17011, 38, 53, 'HRISUSER'),
(17009, 38, 51, 'HRISUSER'),
(17007, 38, 58, 'HRISUSER'),
(17005, 38, 44, 'HRISUSER'),
(17003, 38, 46, 'HRISUSER'),
(17001, 38, 42, 'HRISUSER'),
(16999, 38, 41, 'HRISUSER'),
(16997, 38, 40, 'HRISUSER'),
(16995, 38, 38, 'HRISUSER'),
(16993, 38, 49, 'HRISUSER'),
(16991, 38, 31, 'HRISUSER'),
(16989, 38, 48, 'HRISUSER'),
(16987, 38, 45, 'HRISUSER'),
(16985, 38, 61, 'HRISUSER'),
(16983, 38, 30, 'HRISUSER'),
(16981, 38, 29, 'HRISUSER'),
(16979, 38, 52, 'HRISUSER'),
(16977, 38, 59, 'HRISUSER'),
(16975, 38, 28, 'HRISUSER'),
(16973, 38, 26, 'HRISUSER'),
(16971, 38, 63, 'HRISUSER'),
(16969, 38, 17, 'HRISUSER'),
(16967, 38, 62, 'HRISUSER'),
(16965, 38, 50, 'HRISUSER'),
(16963, 38, 20, 'HRISUSER'),
(16961, 38, 13, 'HRISUSER'),
(16959, 38, 12, 'HRISUSER'),
(16957, 38, 11, 'HRISUSER'),
(16955, 38, 39, 'HRISUSER'),
(16953, 38, 32, 'HRISUSER'),
(16951, 38, 23, 'HRISUSER'),
(16949, 38, 22, 'HRISUSER'),
(16947, 38, 3, 'HRISUSER'),
(16945, 38, 7, 'HRISUSER'),
(16943, 36, 19, 'HRISUSER'),
(16941, 36, 18, 'HRISUSER'),
(16939, 36, 10, 'HRISUSER'),
(16937, 36, 14, 'HRISUSER'),
(16935, 36, 43, 'HRISUSER'),
(16933, 36, 37, 'HRISUSER'),
(16931, 36, 36, 'HRISUSER'),
(16929, 36, 60, 'HRISUSER'),
(16927, 36, 35, 'HRISUSER'),
(16925, 36, 34, 'HRISUSER'),
(16923, 36, 21, 'HRISUSER'),
(16921, 36, 57, 'HRISUSER'),
(16919, 36, 56, 'HRISUSER'),
(16917, 36, 47, 'HRISUSER'),
(16915, 36, 8, 'HRISUSER'),
(16913, 36, 16, 'HRISUSER'),
(16911, 36, 15, 'HRISUSER'),
(16909, 36, 9, 'HRISUSER'),
(16907, 36, 55, 'HRISUSER'),
(16905, 36, 54, 'HRISUSER'),
(16903, 36, 53, 'HRISUSER'),
(16901, 36, 51, 'HRISUSER'),
(16899, 36, 58, 'HRISUSER'),
(16897, 36, 44, 'HRISUSER'),
(16895, 36, 46, 'HRISUSER'),
(16893, 36, 42, 'HRISUSER'),
(16891, 36, 41, 'HRISUSER'),
(16889, 36, 40, 'HRISUSER'),
(16887, 36, 38, 'HRISUSER'),
(16885, 36, 49, 'HRISUSER'),
(16883, 36, 31, 'HRISUSER'),
(16881, 36, 48, 'HRISUSER'),
(16879, 36, 45, 'HRISUSER'),
(16877, 36, 61, 'HRISUSER'),
(16875, 36, 30, 'HRISUSER'),
(16873, 36, 29, 'HRISUSER'),
(16871, 36, 52, 'HRISUSER'),
(16869, 36, 59, 'HRISUSER'),
(16867, 36, 28, 'HRISUSER'),
(16865, 36, 26, 'HRISUSER'),
(16863, 36, 63, 'HRISUSER'),
(16861, 36, 17, 'HRISUSER'),
(16859, 36, 62, 'HRISUSER'),
(16857, 36, 50, 'HRISUSER'),
(16855, 36, 20, 'HRISUSER'),
(16853, 36, 13, 'HRISUSER'),
(16851, 36, 12, 'HRISUSER'),
(16849, 36, 11, 'HRISUSER'),
(16847, 36, 39, 'HRISUSER'),
(16845, 36, 32, 'HRISUSER'),
(16843, 36, 23, 'HRISUSER'),
(16841, 36, 22, 'HRISUSER'),
(16839, 36, 3, 'HRISUSER'),
(16837, 36, 7, 'HRISUSER'),
(16835, 29, 19, 'HRISUSER'),
(16833, 29, 18, 'HRISUSER'),
(16831, 29, 10, 'HRISUSER'),
(16829, 29, 14, 'HRISUSER'),
(16827, 29, 43, 'HRISUSER'),
(16825, 29, 37, 'HRISUSER'),
(16823, 29, 36, 'HRISUSER'),
(16821, 29, 60, 'HRISUSER'),
(16819, 29, 35, 'HRISUSER'),
(16817, 29, 34, 'HRISUSER'),
(16815, 29, 21, 'HRISUSER'),
(16813, 29, 57, 'HRISUSER'),
(16811, 29, 56, 'HRISUSER'),
(16809, 29, 47, 'HRISUSER'),
(16807, 29, 8, 'HRISUSER'),
(16805, 29, 16, 'HRISUSER'),
(16803, 29, 15, 'HRISUSER'),
(16801, 29, 9, 'HRISUSER'),
(16799, 29, 55, 'HRISUSER'),
(16797, 29, 54, 'HRISUSER'),
(16795, 29, 53, 'HRISUSER'),
(16793, 29, 51, 'HRISUSER'),
(16791, 29, 58, 'HRISUSER'),
(16789, 29, 44, 'HRISUSER'),
(16787, 29, 46, 'HRISUSER'),
(16785, 29, 42, 'HRISUSER'),
(16783, 29, 41, 'HRISUSER'),
(16781, 29, 40, 'HRISUSER'),
(16779, 29, 38, 'HRISUSER'),
(16777, 29, 49, 'HRISUSER'),
(16775, 29, 31, 'HRISUSER'),
(16773, 29, 48, 'HRISUSER'),
(16771, 29, 45, 'HRISUSER'),
(16769, 29, 61, 'HRISUSER'),
(16767, 29, 30, 'HRISUSER'),
(16765, 29, 29, 'HRISUSER'),
(16763, 29, 52, 'HRISUSER'),
(16761, 29, 59, 'HRISUSER'),
(16759, 29, 28, 'HRISUSER'),
(16757, 29, 26, 'HRISUSER'),
(16755, 29, 63, 'HRISUSER'),
(16753, 29, 17, 'HRISUSER'),
(16751, 29, 62, 'HRISUSER'),
(16749, 29, 50, 'HRISUSER'),
(16747, 29, 20, 'HRISUSER'),
(16745, 29, 13, 'HRISUSER'),
(16743, 29, 12, 'HRISUSER'),
(16741, 29, 11, 'HRISUSER'),
(16739, 29, 39, 'HRISUSER'),
(16737, 29, 32, 'HRISUSER'),
(16735, 29, 23, 'HRISUSER'),
(16733, 29, 22, 'HRISUSER'),
(16731, 29, 3, 'HRISUSER'),
(16729, 29, 7, 'HRISUSER'),
(16727, 12, 19, 'HRISUSER'),
(16725, 12, 18, 'HRISUSER'),
(16723, 12, 10, 'HRISUSER'),
(16721, 12, 14, 'HRISUSER'),
(16719, 12, 43, 'HRISUSER'),
(16717, 12, 37, 'HRISUSER'),
(16715, 12, 36, 'HRISUSER'),
(16713, 12, 60, 'HRISUSER'),
(16711, 12, 35, 'HRISUSER'),
(16709, 12, 34, 'HRISUSER'),
(16707, 12, 21, 'HRISUSER'),
(16705, 12, 57, 'HRISUSER'),
(16703, 12, 56, 'HRISUSER'),
(16701, 12, 47, 'HRISUSER'),
(16699, 12, 8, 'HRISUSER'),
(16697, 12, 16, 'HRISUSER'),
(16695, 12, 15, 'HRISUSER'),
(16693, 12, 9, 'HRISUSER'),
(16691, 12, 55, 'HRISUSER'),
(16689, 12, 54, 'HRISUSER'),
(16687, 12, 53, 'HRISUSER'),
(16685, 12, 51, 'HRISUSER'),
(16683, 12, 58, 'HRISUSER'),
(16681, 12, 44, 'HRISUSER'),
(16679, 12, 46, 'HRISUSER'),
(16677, 12, 42, 'HRISUSER'),
(16675, 12, 41, 'HRISUSER'),
(16673, 12, 40, 'HRISUSER'),
(16671, 12, 38, 'HRISUSER'),
(16669, 12, 49, 'HRISUSER'),
(13779, 29, 32, 'Librarian'),
(13777, 29, 23, 'Librarian'),
(13775, 29, 22, 'Librarian'),
(13773, 29, 7, 'Librarian'),
(13771, 12, 19, 'Librarian'),
(13769, 12, 18, 'Librarian'),
(13767, 12, 10, 'Librarian'),
(13765, 12, 14, 'Librarian'),
(13763, 12, 43, 'Librarian'),
(13761, 12, 37, 'Librarian'),
(13759, 12, 36, 'Librarian'),
(13757, 12, 60, 'Librarian'),
(13755, 12, 35, 'Librarian'),
(13753, 12, 34, 'Librarian'),
(13751, 12, 21, 'Librarian'),
(13749, 12, 57, 'Librarian'),
(13747, 12, 56, 'Librarian'),
(13745, 12, 47, 'Librarian'),
(13743, 12, 8, 'Librarian'),
(13741, 12, 16, 'Librarian'),
(13739, 12, 15, 'Librarian'),
(13737, 12, 9, 'Librarian'),
(13735, 12, 55, 'Librarian'),
(13733, 12, 54, 'Librarian'),
(16667, 12, 31, 'HRISUSER'),
(16665, 12, 48, 'HRISUSER'),
(16663, 12, 45, 'HRISUSER'),
(16661, 12, 61, 'HRISUSER'),
(16659, 12, 30, 'HRISUSER'),
(16657, 12, 29, 'HRISUSER'),
(16655, 12, 52, 'HRISUSER'),
(16653, 12, 59, 'HRISUSER'),
(16651, 12, 28, 'HRISUSER'),
(16649, 12, 26, 'HRISUSER'),
(16647, 12, 63, 'HRISUSER'),
(16645, 12, 17, 'HRISUSER'),
(16643, 12, 62, 'HRISUSER'),
(16641, 12, 50, 'HRISUSER'),
(16639, 12, 20, 'HRISUSER'),
(16637, 12, 13, 'HRISUSER'),
(16635, 12, 12, 'HRISUSER'),
(16633, 12, 11, 'HRISUSER'),
(16631, 12, 39, 'HRISUSER'),
(16629, 12, 32, 'HRISUSER'),
(16627, 12, 23, 'HRISUSER'),
(16625, 12, 22, 'HRISUSER'),
(16623, 12, 3, 'HRISUSER'),
(16621, 12, 7, 'HRISUSER'),
(49975, 10, 69, 'library services'),
(49973, 10, 19, 'library services'),
(49971, 10, 18, 'library services'),
(49969, 10, 10, 'library services'),
(49967, 10, 14, 'library services'),
(49965, 10, 43, 'library services'),
(49963, 10, 37, 'library services'),
(49961, 10, 36, 'library services'),
(49959, 10, 60, 'library services'),
(49957, 10, 35, 'library services'),
(49955, 10, 34, 'library services'),
(49953, 10, 21, 'library services'),
(49951, 10, 57, 'library services'),
(49949, 10, 56, 'library services'),
(49947, 10, 47, 'library services'),
(49945, 10, 8, 'library services'),
(49943, 10, 16, 'library services'),
(49941, 10, 15, 'library services'),
(49939, 10, 9, 'library services'),
(49937, 10, 55, 'library services'),
(49935, 10, 54, 'library services'),
(49933, 10, 53, 'library services'),
(49931, 10, 51, 'library services'),
(49929, 10, 44, 'library services'),
(49927, 10, 46, 'library services'),
(49925, 10, 42, 'library services'),
(49923, 10, 41, 'library services'),
(49921, 10, 40, 'library services'),
(49919, 10, 38, 'library services'),
(49917, 10, 73, 'library services'),
(49915, 10, 61, 'library services'),
(49913, 10, 52, 'library services'),
(49911, 10, 59, 'library services'),
(49909, 10, 26, 'library services'),
(49907, 10, 27, 'library services'),
(49905, 10, 25, 'library services'),
(49903, 10, 24, 'library services'),
(49901, 10, 17, 'library services'),
(49899, 10, 71, 'library services'),
(49897, 10, 50, 'library services'),
(49895, 10, 20, 'library services'),
(49893, 10, 13, 'library services'),
(49891, 10, 65, 'library services'),
(49889, 10, 11, 'library services'),
(49887, 10, 39, 'library services'),
(49885, 10, 32, 'library services'),
(49883, 10, 23, 'library services'),
(49881, 10, 22, 'library services'),
(49879, 10, 7, 'library services'),
(49877, 17, 69, 'library services'),
(49875, 17, 19, 'library services'),
(49873, 17, 18, 'library services'),
(49871, 17, 10, 'library services'),
(49869, 17, 14, 'library services'),
(49867, 17, 43, 'library services'),
(49865, 17, 37, 'library services'),
(49863, 17, 36, 'library services'),
(49861, 17, 60, 'library services'),
(49859, 17, 35, 'library services'),
(49857, 17, 34, 'library services'),
(49855, 17, 21, 'library services'),
(49853, 17, 57, 'library services'),
(49851, 17, 56, 'library services'),
(49849, 17, 47, 'library services'),
(49847, 17, 8, 'library services'),
(49845, 17, 16, 'library services'),
(49843, 17, 15, 'library services'),
(49841, 17, 9, 'library services'),
(49839, 17, 55, 'library services'),
(49837, 17, 54, 'library services'),
(49835, 17, 53, 'library services'),
(49833, 17, 51, 'library services'),
(49831, 17, 44, 'library services'),
(49829, 17, 46, 'library services'),
(49827, 17, 42, 'library services'),
(49825, 17, 41, 'library services'),
(49823, 17, 40, 'library services'),
(49821, 17, 38, 'library services'),
(49819, 17, 73, 'library services'),
(49817, 17, 61, 'library services'),
(49815, 17, 52, 'library services'),
(49813, 17, 59, 'library services'),
(49811, 17, 26, 'library services'),
(49809, 17, 27, 'library services'),
(49807, 17, 25, 'library services'),
(49805, 17, 24, 'library services'),
(49803, 17, 17, 'library services'),
(49801, 17, 71, 'library services'),
(49799, 17, 50, 'library services'),
(49797, 17, 20, 'library services'),
(49795, 17, 13, 'library services'),
(49793, 17, 65, 'library services'),
(49791, 17, 11, 'library services'),
(49789, 17, 39, 'library services'),
(49787, 17, 32, 'library services'),
(49785, 17, 23, 'library services'),
(49783, 17, 22, 'library services'),
(49781, 17, 7, 'library services'),
(49779, 34, 69, 'library services'),
(49777, 34, 19, 'library services'),
(49775, 34, 18, 'library services'),
(49773, 34, 10, 'library services'),
(49771, 34, 14, 'library services'),
(49769, 34, 43, 'library services'),
(49767, 34, 37, 'library services'),
(49765, 34, 36, 'library services'),
(49763, 34, 60, 'library services'),
(49761, 34, 35, 'library services'),
(49759, 34, 34, 'library services'),
(49757, 34, 21, 'library services'),
(49755, 34, 57, 'library services'),
(49753, 34, 56, 'library services'),
(49751, 34, 47, 'library services'),
(49749, 34, 8, 'library services'),
(49747, 34, 16, 'library services'),
(49745, 34, 15, 'library services'),
(49743, 34, 9, 'library services'),
(49741, 34, 55, 'library services'),
(49739, 34, 54, 'library services'),
(49737, 34, 53, 'library services'),
(49735, 34, 51, 'library services'),
(49733, 34, 44, 'library services'),
(49731, 34, 46, 'library services'),
(49729, 34, 42, 'library services'),
(49727, 34, 41, 'library services'),
(49725, 34, 40, 'library services'),
(49723, 34, 38, 'library services'),
(49721, 34, 73, 'library services'),
(49719, 34, 61, 'library services'),
(49717, 34, 52, 'library services'),
(49715, 34, 59, 'library services'),
(49713, 34, 26, 'library services'),
(49711, 34, 27, 'library services'),
(49709, 34, 25, 'library services'),
(49707, 34, 24, 'library services'),
(49705, 34, 17, 'library services'),
(49703, 34, 71, 'library services'),
(49701, 34, 50, 'library services'),
(49699, 34, 20, 'library services'),
(49697, 34, 13, 'library services'),
(49695, 34, 65, 'library services'),
(49693, 34, 11, 'library services'),
(49691, 34, 39, 'library services'),
(49689, 34, 32, 'library services'),
(49687, 34, 23, 'library services'),
(49685, 34, 22, 'library services'),
(49683, 34, 7, 'library services'),
(49681, 48, 69, 'library services'),
(49679, 48, 19, 'library services'),
(49677, 48, 18, 'library services'),
(49675, 48, 10, 'library services'),
(49673, 48, 14, 'library services'),
(49671, 48, 43, 'library services'),
(49669, 48, 37, 'library services'),
(49667, 48, 36, 'library services'),
(49665, 48, 60, 'library services'),
(49663, 48, 35, 'library services'),
(49661, 48, 34, 'library services'),
(49659, 48, 21, 'library services'),
(49657, 48, 57, 'library services'),
(49655, 48, 56, 'library services'),
(49653, 48, 47, 'library services'),
(49651, 48, 8, 'library services'),
(49649, 48, 16, 'library services'),
(49647, 48, 15, 'library services'),
(49645, 48, 9, 'library services'),
(49643, 48, 55, 'library services'),
(49641, 48, 54, 'library services'),
(49639, 48, 53, 'library services'),
(49637, 48, 51, 'library services'),
(49635, 48, 44, 'library services'),
(49633, 48, 46, 'library services'),
(49631, 48, 42, 'library services'),
(49629, 48, 41, 'library services'),
(49627, 48, 40, 'library services'),
(49625, 48, 38, 'library services'),
(49623, 48, 73, 'library services'),
(49621, 48, 61, 'library services'),
(49619, 48, 52, 'library services'),
(49617, 48, 59, 'library services'),
(49615, 48, 26, 'library services'),
(49613, 48, 27, 'library services'),
(49611, 48, 25, 'library services'),
(49609, 48, 24, 'library services'),
(49607, 48, 17, 'library services'),
(49605, 48, 71, 'library services'),
(49603, 48, 50, 'library services'),
(49601, 48, 20, 'library services'),
(49599, 48, 13, 'library services'),
(49597, 48, 65, 'library services'),
(49595, 48, 11, 'library services'),
(49593, 48, 39, 'library services'),
(49591, 48, 32, 'library services'),
(49589, 48, 23, 'library services'),
(49587, 48, 22, 'library services'),
(49585, 48, 7, 'library services'),
(49583, 32, 69, 'library services'),
(49581, 32, 19, 'library services'),
(49579, 32, 18, 'library services'),
(49577, 32, 10, 'library services'),
(49575, 32, 14, 'library services'),
(49573, 32, 43, 'library services'),
(49571, 32, 37, 'library services'),
(49569, 32, 36, 'library services'),
(49567, 32, 60, 'library services'),
(49565, 32, 35, 'library services'),
(49563, 32, 34, 'library services'),
(49561, 32, 21, 'library services'),
(49559, 32, 57, 'library services'),
(49557, 32, 56, 'library services'),
(49555, 32, 47, 'library services'),
(49553, 32, 8, 'library services'),
(49551, 32, 16, 'library services'),
(49549, 32, 15, 'library services'),
(49547, 32, 9, 'library services'),
(49545, 32, 55, 'library services'),
(49543, 32, 54, 'library services'),
(49541, 32, 53, 'library services'),
(49539, 32, 51, 'library services'),
(49537, 32, 44, 'library services'),
(49535, 32, 46, 'library services'),
(49533, 32, 42, 'library services'),
(49531, 32, 41, 'library services'),
(49529, 32, 40, 'library services'),
(49527, 32, 38, 'library services'),
(49525, 32, 73, 'library services'),
(49523, 32, 61, 'library services'),
(49521, 32, 52, 'library services'),
(49519, 32, 59, 'library services'),
(49517, 32, 26, 'library services'),
(49515, 32, 27, 'library services'),
(49513, 32, 25, 'library services'),
(49511, 32, 24, 'library services'),
(49509, 32, 17, 'library services'),
(49507, 32, 71, 'library services'),
(49505, 32, 50, 'library services'),
(49503, 32, 20, 'library services'),
(49501, 32, 13, 'library services'),
(49499, 32, 65, 'library services'),
(49497, 32, 11, 'library services'),
(49495, 32, 39, 'library services'),
(49493, 32, 32, 'library services'),
(49491, 32, 23, 'library services'),
(49489, 32, 22, 'library services'),
(49487, 32, 7, 'library services'),
(49485, 2, 69, 'library services'),
(49483, 2, 19, 'library services'),
(49481, 2, 18, 'library services'),
(49479, 2, 10, 'library services'),
(49477, 2, 14, 'library services'),
(49475, 2, 43, 'library services'),
(49473, 2, 37, 'library services'),
(49471, 2, 36, 'library services'),
(49469, 2, 60, 'library services'),
(49467, 2, 35, 'library services'),
(49465, 2, 34, 'library services'),
(49463, 2, 21, 'library services'),
(49461, 2, 57, 'library services'),
(49459, 2, 56, 'library services'),
(49457, 2, 47, 'library services'),
(49455, 2, 8, 'library services'),
(49453, 2, 16, 'library services'),
(49451, 2, 15, 'library services'),
(49449, 2, 9, 'library services'),
(49447, 2, 55, 'library services'),
(49445, 2, 54, 'library services'),
(49443, 2, 53, 'library services'),
(49441, 2, 51, 'library services'),
(49439, 2, 44, 'library services'),
(49437, 2, 46, 'library services'),
(49435, 2, 42, 'library services'),
(49433, 2, 41, 'library services'),
(49431, 2, 40, 'library services'),
(49429, 2, 38, 'library services'),
(49427, 2, 73, 'library services'),
(49425, 2, 61, 'library services'),
(49423, 2, 52, 'library services'),
(49421, 2, 59, 'library services'),
(49419, 2, 26, 'library services'),
(49417, 2, 27, 'library services'),
(49415, 2, 25, 'library services'),
(49413, 2, 24, 'library services'),
(49411, 2, 17, 'library services'),
(49409, 2, 71, 'library services'),
(49407, 2, 50, 'library services'),
(49405, 2, 20, 'library services'),
(49403, 2, 13, 'library services'),
(49401, 2, 65, 'library services'),
(49399, 2, 11, 'library services'),
(49397, 2, 39, 'library services'),
(49395, 2, 32, 'library services'),
(49393, 2, 23, 'library services'),
(49391, 2, 22, 'library services'),
(49389, 2, 7, 'library services'),
(49387, 19, 69, 'library services'),
(49385, 19, 19, 'library services'),
(49383, 19, 18, 'library services'),
(49381, 19, 10, 'library services'),
(49379, 19, 14, 'library services'),
(49377, 19, 43, 'library services'),
(49375, 19, 37, 'library services'),
(49373, 19, 36, 'library services'),
(49371, 19, 60, 'library services'),
(49369, 19, 35, 'library services'),
(49367, 19, 34, 'library services'),
(49365, 19, 21, 'library services'),
(49363, 19, 57, 'library services'),
(49361, 19, 56, 'library services'),
(49359, 19, 47, 'library services'),
(49357, 19, 8, 'library services'),
(49355, 19, 16, 'library services'),
(49353, 19, 15, 'library services'),
(49351, 19, 9, 'library services'),
(49349, 19, 55, 'library services'),
(49347, 19, 54, 'library services'),
(49345, 19, 53, 'library services'),
(49343, 19, 51, 'library services'),
(49341, 19, 44, 'library services'),
(49339, 19, 46, 'library services'),
(49337, 19, 42, 'library services'),
(49335, 19, 41, 'library services'),
(49333, 19, 40, 'library services'),
(49331, 19, 38, 'library services'),
(49329, 19, 73, 'library services'),
(49327, 19, 61, 'library services'),
(49325, 19, 52, 'library services'),
(49323, 19, 59, 'library services'),
(49321, 19, 26, 'library services'),
(49319, 19, 27, 'library services'),
(49317, 19, 25, 'library services'),
(49315, 19, 24, 'library services'),
(49313, 19, 17, 'library services'),
(49311, 19, 71, 'library services'),
(49309, 19, 50, 'library services'),
(49307, 19, 20, 'library services'),
(49305, 19, 13, 'library services'),
(49303, 19, 65, 'library services'),
(49301, 19, 11, 'library services'),
(49299, 19, 39, 'library services'),
(49297, 19, 32, 'library services');
INSERT INTO `app_userstypeaccess` (`uta_id`, `ud_id`, `mnu_id`, `user_type`) VALUES
(49295, 19, 23, 'library services'),
(49293, 19, 22, 'library services'),
(49291, 19, 7, 'library services'),
(49289, 21, 69, 'library services'),
(49287, 21, 19, 'library services'),
(49285, 21, 18, 'library services'),
(49283, 21, 10, 'library services'),
(49281, 21, 14, 'library services'),
(49279, 21, 43, 'library services'),
(49277, 21, 37, 'library services'),
(49275, 21, 36, 'library services'),
(49273, 21, 60, 'library services'),
(49271, 21, 35, 'library services'),
(49269, 21, 34, 'library services'),
(49267, 21, 21, 'library services'),
(49265, 21, 57, 'library services'),
(49263, 21, 56, 'library services'),
(49261, 21, 47, 'library services'),
(49259, 21, 8, 'library services'),
(49257, 21, 16, 'library services'),
(49255, 21, 15, 'library services'),
(49253, 21, 9, 'library services'),
(49251, 21, 55, 'library services'),
(49249, 21, 54, 'library services'),
(49247, 21, 53, 'library services'),
(49245, 21, 51, 'library services'),
(49243, 21, 44, 'library services'),
(49241, 21, 46, 'library services'),
(49239, 21, 42, 'library services'),
(49237, 21, 41, 'library services'),
(49235, 21, 40, 'library services'),
(49233, 21, 38, 'library services'),
(49231, 21, 73, 'library services'),
(49229, 21, 61, 'library services'),
(49227, 21, 52, 'library services'),
(49225, 21, 59, 'library services'),
(49223, 21, 26, 'library services'),
(49221, 21, 27, 'library services'),
(49219, 21, 25, 'library services'),
(49217, 21, 24, 'library services'),
(49215, 21, 17, 'library services'),
(49213, 21, 71, 'library services'),
(49211, 21, 50, 'library services'),
(49209, 21, 20, 'library services'),
(49207, 21, 13, 'library services'),
(49205, 21, 65, 'library services'),
(49203, 21, 11, 'library services'),
(49201, 21, 39, 'library services'),
(49199, 21, 32, 'library services'),
(49197, 21, 23, 'library services'),
(49195, 21, 22, 'library services'),
(49193, 21, 7, 'library services'),
(49191, 20, 69, 'library services'),
(49189, 20, 19, 'library services'),
(49187, 20, 18, 'library services'),
(49185, 20, 10, 'library services'),
(49183, 20, 14, 'library services'),
(49181, 20, 43, 'library services'),
(49179, 20, 37, 'library services'),
(49177, 20, 36, 'library services'),
(49175, 20, 60, 'library services'),
(49173, 20, 35, 'library services'),
(49171, 20, 34, 'library services'),
(49169, 20, 21, 'library services'),
(49167, 20, 57, 'library services'),
(49165, 20, 56, 'library services'),
(49163, 20, 47, 'library services'),
(49161, 20, 8, 'library services'),
(49159, 20, 16, 'library services'),
(49157, 20, 15, 'library services'),
(49155, 20, 9, 'library services'),
(49153, 20, 55, 'library services'),
(49151, 20, 54, 'library services'),
(49149, 20, 53, 'library services'),
(49147, 20, 51, 'library services'),
(49145, 20, 44, 'library services'),
(49143, 20, 46, 'library services'),
(49141, 20, 42, 'library services'),
(49139, 20, 41, 'library services'),
(49137, 20, 40, 'library services'),
(49135, 20, 38, 'library services'),
(49133, 20, 73, 'library services'),
(49131, 20, 61, 'library services'),
(49129, 20, 52, 'library services'),
(49127, 20, 59, 'library services'),
(49125, 20, 26, 'library services'),
(49123, 20, 27, 'library services'),
(49121, 20, 25, 'library services'),
(49119, 20, 24, 'library services'),
(49117, 20, 17, 'library services'),
(49115, 20, 71, 'library services'),
(49113, 20, 50, 'library services'),
(49111, 20, 20, 'library services'),
(49109, 20, 13, 'library services'),
(49107, 20, 65, 'library services'),
(49105, 20, 11, 'library services'),
(49103, 20, 39, 'library services'),
(49101, 20, 32, 'library services'),
(49099, 20, 23, 'library services'),
(49097, 20, 22, 'library services'),
(49095, 20, 7, 'library services'),
(49093, 42, 69, 'library services'),
(49091, 42, 19, 'library services'),
(49089, 42, 18, 'library services'),
(49087, 42, 10, 'library services'),
(49085, 42, 14, 'library services'),
(49083, 42, 43, 'library services'),
(49081, 42, 37, 'library services'),
(49079, 42, 36, 'library services'),
(49077, 42, 60, 'library services'),
(49075, 42, 35, 'library services'),
(49073, 42, 34, 'library services'),
(49071, 42, 21, 'library services'),
(49069, 42, 57, 'library services'),
(49067, 42, 56, 'library services'),
(49065, 42, 47, 'library services'),
(49063, 42, 8, 'library services'),
(49061, 42, 16, 'library services'),
(49059, 42, 15, 'library services'),
(49057, 42, 9, 'library services'),
(49055, 42, 55, 'library services'),
(49053, 42, 54, 'library services'),
(49051, 42, 53, 'library services'),
(49049, 42, 51, 'library services'),
(49047, 42, 44, 'library services'),
(49045, 42, 46, 'library services'),
(49043, 42, 42, 'library services'),
(49041, 42, 41, 'library services'),
(49039, 42, 40, 'library services'),
(49037, 42, 38, 'library services'),
(49035, 42, 73, 'library services'),
(49033, 42, 61, 'library services'),
(49031, 42, 52, 'library services'),
(49029, 42, 59, 'library services'),
(49027, 42, 26, 'library services'),
(49025, 42, 27, 'library services'),
(49023, 42, 25, 'library services'),
(49021, 42, 24, 'library services'),
(49019, 42, 17, 'library services'),
(49017, 42, 71, 'library services'),
(49015, 42, 50, 'library services'),
(49013, 42, 20, 'library services'),
(49011, 42, 13, 'library services'),
(49009, 42, 65, 'library services'),
(49007, 42, 11, 'library services'),
(49005, 42, 39, 'library services'),
(49003, 42, 32, 'library services'),
(49001, 42, 23, 'library services'),
(48999, 42, 22, 'library services'),
(48997, 42, 7, 'library services'),
(48995, 62, 69, 'library services'),
(48993, 62, 19, 'library services'),
(48991, 62, 18, 'library services'),
(48989, 62, 10, 'library services'),
(48987, 62, 14, 'library services'),
(48985, 62, 43, 'library services'),
(48983, 62, 37, 'library services'),
(48981, 62, 36, 'library services'),
(48979, 62, 60, 'library services'),
(48977, 62, 35, 'library services'),
(48975, 62, 34, 'library services'),
(48973, 62, 21, 'library services'),
(48971, 62, 57, 'library services'),
(48969, 62, 56, 'library services'),
(48967, 62, 47, 'library services'),
(48965, 62, 8, 'library services'),
(48963, 62, 16, 'library services'),
(48961, 62, 15, 'library services'),
(48959, 62, 9, 'library services'),
(48957, 62, 55, 'library services'),
(48955, 62, 54, 'library services'),
(48953, 62, 53, 'library services'),
(48951, 62, 51, 'library services'),
(48949, 62, 44, 'library services'),
(48947, 62, 46, 'library services'),
(48945, 62, 42, 'library services'),
(48943, 62, 41, 'library services'),
(48941, 62, 40, 'library services'),
(48939, 62, 38, 'library services'),
(48937, 62, 73, 'library services'),
(48935, 62, 61, 'library services'),
(48933, 62, 52, 'library services'),
(48931, 62, 59, 'library services'),
(48929, 62, 26, 'library services'),
(48927, 62, 27, 'library services'),
(48925, 62, 25, 'library services'),
(48923, 62, 24, 'library services'),
(48921, 62, 17, 'library services'),
(48919, 62, 71, 'library services'),
(48917, 62, 50, 'library services'),
(48915, 62, 20, 'library services'),
(48913, 62, 13, 'library services'),
(48911, 62, 65, 'library services'),
(48909, 62, 11, 'library services'),
(48907, 62, 39, 'library services'),
(48905, 62, 32, 'library services'),
(48903, 62, 23, 'library services'),
(48901, 62, 22, 'library services'),
(48899, 62, 7, 'library services'),
(48897, 15, 69, 'library services'),
(48895, 15, 19, 'library services'),
(48893, 15, 18, 'library services'),
(48891, 15, 10, 'library services'),
(48889, 15, 14, 'library services'),
(48887, 15, 43, 'library services'),
(48885, 15, 37, 'library services'),
(48883, 15, 36, 'library services'),
(48881, 15, 60, 'library services'),
(48879, 15, 35, 'library services'),
(48877, 15, 34, 'library services'),
(48875, 15, 21, 'library services'),
(48873, 15, 57, 'library services'),
(48871, 15, 56, 'library services'),
(48869, 15, 47, 'library services'),
(48867, 15, 8, 'library services'),
(48865, 15, 16, 'library services'),
(48863, 15, 15, 'library services'),
(48861, 15, 9, 'library services'),
(48859, 15, 55, 'library services'),
(48857, 15, 54, 'library services'),
(48855, 15, 53, 'library services'),
(48853, 15, 51, 'library services'),
(48851, 15, 44, 'library services'),
(48849, 15, 46, 'library services'),
(48847, 15, 42, 'library services'),
(48845, 15, 41, 'library services'),
(48843, 15, 40, 'library services'),
(48841, 15, 38, 'library services'),
(48839, 15, 73, 'library services'),
(48837, 15, 61, 'library services'),
(48835, 15, 52, 'library services'),
(48833, 15, 59, 'library services'),
(48831, 15, 26, 'library services'),
(48829, 15, 27, 'library services'),
(48827, 15, 25, 'library services'),
(48825, 15, 24, 'library services'),
(48823, 15, 17, 'library services'),
(48821, 15, 71, 'library services'),
(48819, 15, 50, 'library services'),
(48817, 15, 20, 'library services'),
(48815, 15, 13, 'library services'),
(48813, 15, 65, 'library services'),
(48811, 15, 11, 'library services'),
(48809, 15, 39, 'library services'),
(48807, 15, 32, 'library services'),
(48805, 15, 23, 'library services'),
(48803, 15, 22, 'library services'),
(48801, 15, 7, 'library services'),
(48799, 41, 69, 'library services'),
(48797, 41, 19, 'library services'),
(48795, 41, 18, 'library services'),
(48793, 41, 10, 'library services'),
(48791, 41, 14, 'library services'),
(48789, 41, 43, 'library services'),
(48787, 41, 37, 'library services'),
(48785, 41, 36, 'library services'),
(48783, 41, 60, 'library services'),
(48781, 41, 35, 'library services'),
(48779, 41, 34, 'library services'),
(48777, 41, 21, 'library services'),
(48775, 41, 57, 'library services'),
(48773, 41, 56, 'library services'),
(48771, 41, 47, 'library services'),
(48769, 41, 8, 'library services'),
(48767, 41, 16, 'library services'),
(48765, 41, 15, 'library services'),
(48763, 41, 9, 'library services'),
(48761, 41, 55, 'library services'),
(48759, 41, 54, 'library services'),
(48757, 41, 53, 'library services'),
(48755, 41, 51, 'library services'),
(48753, 41, 44, 'library services'),
(48751, 41, 46, 'library services'),
(48749, 41, 42, 'library services'),
(48747, 41, 41, 'library services'),
(48745, 41, 40, 'library services'),
(48743, 41, 38, 'library services'),
(48741, 41, 73, 'library services'),
(48739, 41, 61, 'library services'),
(48737, 41, 52, 'library services'),
(48735, 41, 59, 'library services'),
(48733, 41, 26, 'library services'),
(48731, 41, 27, 'library services'),
(48729, 41, 25, 'library services'),
(48727, 41, 24, 'library services'),
(48725, 41, 17, 'library services'),
(48723, 41, 71, 'library services'),
(48721, 41, 50, 'library services'),
(48719, 41, 20, 'library services'),
(48717, 41, 13, 'library services'),
(48715, 41, 65, 'library services'),
(48713, 41, 11, 'library services'),
(48711, 41, 39, 'library services'),
(48709, 41, 32, 'library services'),
(48707, 41, 23, 'library services'),
(48705, 41, 22, 'library services'),
(48703, 41, 7, 'library services'),
(48701, 4, 69, 'library services'),
(48699, 4, 19, 'library services'),
(48697, 4, 18, 'library services'),
(48695, 4, 10, 'library services'),
(48693, 4, 14, 'library services'),
(48691, 4, 43, 'library services'),
(48689, 4, 37, 'library services'),
(48687, 4, 36, 'library services'),
(48685, 4, 60, 'library services'),
(48683, 4, 35, 'library services'),
(48681, 4, 34, 'library services'),
(48679, 4, 21, 'library services'),
(48677, 4, 57, 'library services'),
(48675, 4, 56, 'library services'),
(48673, 4, 47, 'library services'),
(48671, 4, 8, 'library services'),
(48669, 4, 16, 'library services'),
(48667, 4, 15, 'library services'),
(48665, 4, 9, 'library services'),
(48663, 4, 55, 'library services'),
(48661, 4, 54, 'library services'),
(48659, 4, 53, 'library services'),
(48657, 4, 51, 'library services'),
(48655, 4, 44, 'library services'),
(48653, 4, 46, 'library services'),
(48651, 4, 42, 'library services'),
(48649, 4, 41, 'library services'),
(48647, 4, 40, 'library services'),
(48645, 4, 38, 'library services'),
(48643, 4, 73, 'library services'),
(48641, 4, 61, 'library services'),
(48639, 4, 52, 'library services'),
(48637, 4, 59, 'library services'),
(48635, 4, 26, 'library services'),
(48633, 4, 27, 'library services'),
(48631, 4, 25, 'library services'),
(48629, 4, 24, 'library services'),
(48627, 4, 17, 'library services'),
(48625, 4, 71, 'library services'),
(48623, 4, 50, 'library services'),
(48621, 4, 20, 'library services'),
(48619, 4, 13, 'library services'),
(48617, 4, 65, 'library services'),
(48615, 4, 11, 'library services'),
(48613, 4, 39, 'library services'),
(48611, 4, 32, 'library services'),
(48609, 4, 23, 'library services'),
(48607, 4, 22, 'library services'),
(48605, 4, 7, 'library services'),
(48603, 61, 69, 'library services'),
(48601, 61, 19, 'library services'),
(48599, 61, 18, 'library services'),
(48597, 61, 10, 'library services'),
(48595, 61, 14, 'library services'),
(48593, 61, 43, 'library services'),
(48591, 61, 37, 'library services'),
(48589, 61, 36, 'library services'),
(48587, 61, 60, 'library services'),
(48585, 61, 35, 'library services'),
(48583, 61, 34, 'library services'),
(48581, 61, 21, 'library services'),
(48579, 61, 57, 'library services'),
(48577, 61, 56, 'library services'),
(48575, 61, 47, 'library services'),
(48573, 61, 8, 'library services'),
(48571, 61, 16, 'library services'),
(48569, 61, 15, 'library services'),
(48567, 61, 9, 'library services'),
(48565, 61, 55, 'library services'),
(48563, 61, 54, 'library services'),
(48561, 61, 53, 'library services'),
(48559, 61, 51, 'library services'),
(48557, 61, 44, 'library services'),
(48555, 61, 46, 'library services'),
(48553, 61, 42, 'library services'),
(48551, 61, 41, 'library services'),
(48549, 61, 40, 'library services'),
(48547, 61, 38, 'library services'),
(48545, 61, 73, 'library services'),
(48543, 61, 61, 'library services'),
(48541, 61, 52, 'library services'),
(48539, 61, 59, 'library services'),
(48537, 61, 26, 'library services'),
(48535, 61, 27, 'library services'),
(48533, 61, 25, 'library services'),
(48531, 61, 24, 'library services'),
(48529, 61, 17, 'library services'),
(48527, 61, 71, 'library services'),
(48525, 61, 50, 'library services'),
(48523, 61, 20, 'library services'),
(48521, 61, 13, 'library services'),
(48519, 61, 65, 'library services'),
(48517, 61, 11, 'library services'),
(48515, 61, 39, 'library services'),
(48513, 61, 32, 'library services'),
(48511, 61, 23, 'library services'),
(48509, 61, 22, 'library services'),
(48507, 61, 7, 'library services'),
(48505, 33, 69, 'library services'),
(48503, 33, 19, 'library services'),
(48501, 33, 18, 'library services'),
(48499, 33, 10, 'library services'),
(48497, 33, 14, 'library services'),
(48495, 33, 43, 'library services'),
(48493, 33, 37, 'library services'),
(48491, 33, 36, 'library services'),
(48489, 33, 60, 'library services'),
(48487, 33, 35, 'library services'),
(48485, 33, 34, 'library services'),
(48483, 33, 21, 'library services'),
(48481, 33, 57, 'library services'),
(48479, 33, 56, 'library services'),
(48477, 33, 47, 'library services'),
(48475, 33, 8, 'library services'),
(48473, 33, 16, 'library services'),
(48471, 33, 15, 'library services'),
(48469, 33, 9, 'library services'),
(48467, 33, 55, 'library services'),
(48465, 33, 54, 'library services'),
(48463, 33, 53, 'library services'),
(48461, 33, 51, 'library services'),
(48459, 33, 44, 'library services'),
(48457, 33, 46, 'library services'),
(48455, 33, 42, 'library services'),
(48453, 33, 41, 'library services'),
(48451, 33, 40, 'library services'),
(48449, 33, 38, 'library services'),
(48447, 33, 73, 'library services'),
(48445, 33, 61, 'library services'),
(48443, 33, 52, 'library services'),
(48441, 33, 59, 'library services'),
(48439, 33, 26, 'library services'),
(48437, 33, 27, 'library services'),
(48435, 33, 25, 'library services'),
(48433, 33, 24, 'library services'),
(48431, 33, 17, 'library services'),
(48429, 33, 71, 'library services'),
(48427, 33, 50, 'library services'),
(48425, 33, 20, 'library services'),
(48423, 33, 13, 'library services'),
(48421, 33, 65, 'library services'),
(48419, 33, 11, 'library services'),
(48417, 33, 39, 'library services'),
(48415, 33, 32, 'library services'),
(48413, 33, 23, 'library services'),
(48411, 33, 22, 'library services'),
(48409, 33, 7, 'library services'),
(48407, 59, 69, 'library services'),
(48405, 59, 19, 'library services'),
(48403, 59, 18, 'library services'),
(48401, 59, 10, 'library services'),
(48399, 59, 14, 'library services'),
(48397, 59, 43, 'library services'),
(48395, 59, 37, 'library services'),
(48393, 59, 36, 'library services'),
(48391, 59, 60, 'library services'),
(48389, 59, 35, 'library services'),
(48387, 59, 34, 'library services'),
(48385, 59, 21, 'library services'),
(48383, 59, 57, 'library services'),
(48381, 59, 56, 'library services'),
(48379, 59, 47, 'library services'),
(48377, 59, 8, 'library services'),
(48375, 59, 16, 'library services'),
(48373, 59, 15, 'library services'),
(48371, 59, 9, 'library services'),
(48369, 59, 55, 'library services'),
(48367, 59, 54, 'library services'),
(48365, 59, 53, 'library services'),
(48363, 59, 51, 'library services'),
(48361, 59, 44, 'library services'),
(48359, 59, 46, 'library services'),
(48357, 59, 42, 'library services'),
(48355, 59, 41, 'library services'),
(48353, 59, 40, 'library services'),
(48351, 59, 38, 'library services'),
(48349, 59, 73, 'library services'),
(48347, 59, 61, 'library services'),
(48345, 59, 52, 'library services'),
(48343, 59, 59, 'library services'),
(48341, 59, 26, 'library services'),
(48339, 59, 27, 'library services'),
(48337, 59, 25, 'library services'),
(48335, 59, 24, 'library services'),
(48333, 59, 17, 'library services'),
(48331, 59, 71, 'library services'),
(48329, 59, 50, 'library services'),
(48327, 59, 20, 'library services'),
(48325, 59, 13, 'library services'),
(48323, 59, 65, 'library services'),
(48321, 59, 11, 'library services'),
(48319, 59, 39, 'library services'),
(48317, 59, 32, 'library services'),
(48315, 59, 23, 'library services'),
(48313, 59, 22, 'library services'),
(48311, 59, 7, 'library services'),
(48309, 16, 69, 'library services'),
(48307, 16, 19, 'library services'),
(48305, 16, 18, 'library services'),
(48303, 16, 10, 'library services'),
(48301, 16, 14, 'library services'),
(48299, 16, 43, 'library services'),
(48297, 16, 37, 'library services'),
(48295, 16, 36, 'library services'),
(48293, 16, 60, 'library services'),
(48291, 16, 35, 'library services'),
(48289, 16, 34, 'library services'),
(48287, 16, 21, 'library services'),
(48285, 16, 57, 'library services'),
(48283, 16, 56, 'library services'),
(48281, 16, 47, 'library services'),
(48279, 16, 8, 'library services'),
(48277, 16, 16, 'library services'),
(48275, 16, 15, 'library services'),
(48273, 16, 9, 'library services'),
(48271, 16, 55, 'library services'),
(48269, 16, 54, 'library services'),
(48267, 16, 53, 'library services'),
(48265, 16, 51, 'library services'),
(48263, 16, 44, 'library services'),
(48261, 16, 46, 'library services'),
(48259, 16, 42, 'library services'),
(48257, 16, 41, 'library services'),
(48255, 16, 40, 'library services'),
(48253, 16, 38, 'library services'),
(48251, 16, 73, 'library services'),
(48249, 16, 61, 'library services'),
(48247, 16, 52, 'library services'),
(48245, 16, 59, 'library services'),
(48243, 16, 26, 'library services'),
(48241, 16, 27, 'library services'),
(48239, 16, 25, 'library services'),
(48237, 16, 24, 'library services'),
(48235, 16, 17, 'library services'),
(48233, 16, 71, 'library services'),
(48231, 16, 50, 'library services'),
(48229, 16, 20, 'library services'),
(48227, 16, 13, 'library services'),
(48225, 16, 65, 'library services'),
(48223, 16, 11, 'library services'),
(48221, 16, 39, 'library services'),
(48219, 16, 32, 'library services'),
(48217, 16, 23, 'library services'),
(48215, 16, 22, 'library services'),
(48213, 16, 7, 'library services'),
(48211, 5, 69, 'library services'),
(48209, 5, 19, 'library services'),
(48207, 5, 18, 'library services'),
(48205, 5, 10, 'library services'),
(48203, 5, 14, 'library services'),
(48201, 5, 43, 'library services'),
(48199, 5, 37, 'library services'),
(48197, 5, 36, 'library services'),
(48195, 5, 60, 'library services'),
(48193, 5, 35, 'library services'),
(48191, 5, 34, 'library services'),
(48189, 5, 21, 'library services'),
(48187, 5, 57, 'library services'),
(48185, 5, 56, 'library services'),
(48183, 5, 47, 'library services'),
(48181, 5, 8, 'library services'),
(48179, 5, 16, 'library services'),
(48177, 5, 15, 'library services'),
(48175, 5, 9, 'library services'),
(48173, 5, 55, 'library services'),
(48171, 5, 54, 'library services'),
(48169, 5, 53, 'library services'),
(48167, 5, 51, 'library services'),
(48165, 5, 44, 'library services'),
(48163, 5, 46, 'library services'),
(48161, 5, 42, 'library services'),
(48159, 5, 41, 'library services'),
(48157, 5, 40, 'library services'),
(48155, 5, 38, 'library services'),
(48153, 5, 73, 'library services'),
(48151, 5, 61, 'library services'),
(48149, 5, 52, 'library services'),
(48147, 5, 59, 'library services'),
(48145, 5, 26, 'library services'),
(48143, 5, 27, 'library services'),
(48141, 5, 25, 'library services'),
(48139, 5, 24, 'library services'),
(48137, 5, 17, 'library services'),
(48135, 5, 71, 'library services'),
(48133, 5, 50, 'library services'),
(48131, 5, 20, 'library services'),
(48129, 5, 13, 'library services'),
(48127, 5, 65, 'library services'),
(48125, 5, 11, 'library services'),
(48123, 5, 39, 'library services'),
(48121, 5, 32, 'library services'),
(48119, 5, 23, 'library services'),
(48117, 5, 22, 'library services'),
(48115, 5, 7, 'library services'),
(48113, 24, 69, 'library services'),
(48111, 24, 19, 'library services'),
(48109, 24, 18, 'library services'),
(48107, 24, 10, 'library services'),
(48105, 24, 14, 'library services'),
(48103, 24, 43, 'library services'),
(48101, 24, 37, 'library services'),
(48099, 24, 36, 'library services'),
(48097, 24, 60, 'library services'),
(48095, 24, 35, 'library services'),
(48093, 24, 34, 'library services'),
(48091, 24, 21, 'library services'),
(48089, 24, 57, 'library services'),
(48087, 24, 56, 'library services'),
(48085, 24, 47, 'library services'),
(48083, 24, 8, 'library services'),
(48081, 24, 16, 'library services'),
(48079, 24, 15, 'library services'),
(48077, 24, 9, 'library services'),
(48075, 24, 55, 'library services'),
(48073, 24, 54, 'library services'),
(48071, 24, 53, 'library services'),
(48069, 24, 51, 'library services'),
(48067, 24, 44, 'library services'),
(48065, 24, 46, 'library services'),
(48063, 24, 42, 'library services'),
(48061, 24, 41, 'library services'),
(48059, 24, 40, 'library services'),
(48057, 24, 38, 'library services'),
(48055, 24, 73, 'library services'),
(48053, 24, 61, 'library services'),
(48051, 24, 52, 'library services'),
(48049, 24, 59, 'library services'),
(48047, 24, 26, 'library services'),
(48045, 24, 27, 'library services'),
(48043, 24, 25, 'library services'),
(48041, 24, 24, 'library services'),
(48039, 24, 17, 'library services'),
(48037, 24, 71, 'library services'),
(48035, 24, 50, 'library services'),
(48033, 24, 20, 'library services'),
(48031, 24, 13, 'library services'),
(48029, 24, 65, 'library services'),
(48027, 24, 11, 'library services'),
(48025, 24, 39, 'library services'),
(48023, 24, 32, 'library services'),
(48021, 24, 23, 'library services'),
(48019, 24, 22, 'library services'),
(48017, 24, 7, 'library services'),
(48015, 27, 69, 'library services'),
(48013, 27, 19, 'library services'),
(48011, 27, 18, 'library services'),
(48009, 27, 10, 'library services'),
(48007, 27, 14, 'library services'),
(48005, 27, 43, 'library services'),
(48003, 27, 37, 'library services'),
(48001, 27, 36, 'library services'),
(47999, 27, 60, 'library services'),
(47997, 27, 35, 'library services'),
(47995, 27, 34, 'library services'),
(47993, 27, 21, 'library services'),
(47991, 27, 57, 'library services'),
(47989, 27, 56, 'library services'),
(47987, 27, 47, 'library services'),
(47985, 27, 8, 'library services'),
(47983, 27, 16, 'library services'),
(47981, 27, 15, 'library services'),
(47979, 27, 9, 'library services'),
(47977, 27, 55, 'library services'),
(47975, 27, 54, 'library services'),
(47973, 27, 53, 'library services'),
(47971, 27, 51, 'library services'),
(47969, 27, 44, 'library services'),
(47967, 27, 46, 'library services'),
(47965, 27, 42, 'library services'),
(47963, 27, 41, 'library services'),
(47961, 27, 40, 'library services'),
(47959, 27, 38, 'library services'),
(47957, 27, 73, 'library services'),
(47955, 27, 61, 'library services'),
(47953, 27, 52, 'library services'),
(47951, 27, 59, 'library services'),
(47949, 27, 26, 'library services'),
(47947, 27, 27, 'library services'),
(47945, 27, 25, 'library services'),
(47943, 27, 24, 'library services'),
(47941, 27, 17, 'library services'),
(47939, 27, 71, 'library services'),
(47937, 27, 50, 'library services'),
(47935, 27, 20, 'library services'),
(47933, 27, 13, 'library services'),
(47931, 27, 65, 'library services'),
(47929, 27, 11, 'library services'),
(47927, 27, 39, 'library services'),
(47925, 27, 32, 'library services'),
(47923, 27, 23, 'library services'),
(47921, 27, 22, 'library services'),
(47919, 27, 7, 'library services'),
(47917, 53, 69, 'library services'),
(47915, 53, 19, 'library services'),
(47913, 53, 18, 'library services'),
(47911, 53, 10, 'library services'),
(47909, 53, 14, 'library services'),
(47907, 53, 43, 'library services'),
(47905, 53, 37, 'library services'),
(47903, 53, 36, 'library services'),
(47901, 53, 60, 'library services'),
(47899, 53, 35, 'library services'),
(47897, 53, 34, 'library services'),
(47895, 53, 21, 'library services'),
(47893, 53, 57, 'library services'),
(47891, 53, 56, 'library services'),
(47889, 53, 47, 'library services'),
(47887, 53, 8, 'library services'),
(47885, 53, 16, 'library services'),
(47883, 53, 15, 'library services'),
(47881, 53, 9, 'library services'),
(47879, 53, 55, 'library services'),
(47877, 53, 54, 'library services'),
(47875, 53, 53, 'library services'),
(47873, 53, 51, 'library services'),
(47871, 53, 44, 'library services'),
(47869, 53, 46, 'library services'),
(47867, 53, 42, 'library services'),
(47865, 53, 41, 'library services'),
(47863, 53, 40, 'library services'),
(47861, 53, 38, 'library services'),
(47859, 53, 73, 'library services'),
(47857, 53, 61, 'library services'),
(47855, 53, 52, 'library services'),
(47853, 53, 59, 'library services'),
(47851, 53, 26, 'library services'),
(47849, 53, 27, 'library services'),
(47847, 53, 25, 'library services'),
(47845, 53, 24, 'library services'),
(47843, 53, 17, 'library services'),
(47841, 53, 71, 'library services'),
(47839, 53, 50, 'library services'),
(47837, 53, 20, 'library services'),
(47835, 53, 13, 'library services'),
(47833, 53, 65, 'library services'),
(47831, 53, 11, 'library services'),
(47829, 53, 39, 'library services'),
(47827, 53, 32, 'library services'),
(47825, 53, 23, 'library services'),
(47823, 53, 22, 'library services'),
(47821, 53, 7, 'library services'),
(47819, 47, 69, 'library services'),
(47817, 47, 19, 'library services'),
(47815, 47, 18, 'library services'),
(47813, 47, 10, 'library services'),
(47811, 47, 14, 'library services'),
(47809, 47, 43, 'library services'),
(47807, 47, 37, 'library services'),
(47805, 47, 36, 'library services'),
(47803, 47, 60, 'library services'),
(47801, 47, 35, 'library services'),
(47799, 47, 34, 'library services'),
(47797, 47, 21, 'library services'),
(47795, 47, 57, 'library services'),
(47793, 47, 56, 'library services'),
(47791, 47, 47, 'library services'),
(47789, 47, 8, 'library services'),
(47787, 47, 16, 'library services'),
(47785, 47, 15, 'library services'),
(47783, 47, 9, 'library services'),
(47781, 47, 55, 'library services'),
(47779, 47, 54, 'library services'),
(47777, 47, 53, 'library services'),
(47775, 47, 51, 'library services'),
(47773, 47, 44, 'library services'),
(47771, 47, 46, 'library services'),
(47769, 47, 42, 'library services'),
(47767, 47, 41, 'library services'),
(47765, 47, 40, 'library services'),
(47763, 47, 38, 'library services'),
(47761, 47, 73, 'library services'),
(47759, 47, 61, 'library services'),
(47757, 47, 52, 'library services'),
(47755, 47, 59, 'library services'),
(47753, 47, 26, 'library services'),
(47751, 47, 27, 'library services'),
(47749, 47, 25, 'library services'),
(47747, 47, 24, 'library services'),
(47745, 47, 17, 'library services'),
(47743, 47, 71, 'library services'),
(47741, 47, 50, 'library services'),
(47739, 47, 20, 'library services'),
(47737, 47, 13, 'library services'),
(47735, 47, 65, 'library services'),
(47733, 47, 11, 'library services'),
(47731, 47, 39, 'library services'),
(47729, 47, 32, 'library services'),
(47727, 47, 23, 'library services'),
(47725, 47, 22, 'library services'),
(47723, 47, 7, 'library services'),
(47721, 11, 69, 'library services'),
(47719, 11, 19, 'library services'),
(47717, 11, 18, 'library services'),
(47715, 11, 10, 'library services'),
(47713, 11, 14, 'library services'),
(47711, 11, 43, 'library services'),
(47709, 11, 37, 'library services'),
(47707, 11, 36, 'library services'),
(47705, 11, 60, 'library services'),
(47703, 11, 35, 'library services'),
(47701, 11, 34, 'library services'),
(47699, 11, 21, 'library services'),
(47697, 11, 57, 'library services'),
(47695, 11, 56, 'library services'),
(47693, 11, 47, 'library services'),
(47691, 11, 8, 'library services'),
(47689, 11, 16, 'library services'),
(47687, 11, 15, 'library services'),
(47685, 11, 9, 'library services'),
(47683, 11, 55, 'library services'),
(47681, 11, 54, 'library services'),
(47679, 11, 53, 'library services'),
(47677, 11, 51, 'library services'),
(47675, 11, 44, 'library services'),
(47673, 11, 46, 'library services'),
(47671, 11, 42, 'library services'),
(47669, 11, 41, 'library services'),
(47667, 11, 40, 'library services'),
(47665, 11, 38, 'library services'),
(47663, 11, 73, 'library services'),
(47661, 11, 61, 'library services'),
(47659, 11, 52, 'library services'),
(47657, 11, 59, 'library services'),
(47655, 11, 26, 'library services'),
(47653, 11, 27, 'library services'),
(47651, 11, 25, 'library services'),
(47649, 11, 24, 'library services'),
(47647, 11, 17, 'library services'),
(47645, 11, 71, 'library services'),
(47643, 11, 50, 'library services'),
(47641, 11, 20, 'library services'),
(47639, 11, 13, 'library services'),
(47637, 11, 65, 'library services'),
(47635, 11, 11, 'library services'),
(47633, 11, 39, 'library services'),
(47631, 11, 32, 'library services'),
(47629, 11, 23, 'library services'),
(47627, 11, 22, 'library services'),
(47625, 11, 7, 'library services'),
(47623, 38, 69, 'library services'),
(47621, 38, 19, 'library services'),
(47619, 38, 18, 'library services'),
(47617, 38, 10, 'library services'),
(47615, 38, 14, 'library services'),
(47613, 38, 43, 'library services'),
(47611, 38, 37, 'library services'),
(47609, 38, 36, 'library services'),
(47607, 38, 60, 'library services'),
(47605, 38, 35, 'library services'),
(47603, 38, 34, 'library services'),
(47601, 38, 21, 'library services'),
(47599, 38, 57, 'library services'),
(47597, 38, 56, 'library services'),
(47595, 38, 47, 'library services'),
(47593, 38, 8, 'library services'),
(47591, 38, 16, 'library services'),
(47589, 38, 15, 'library services'),
(47587, 38, 9, 'library services'),
(47585, 38, 55, 'library services'),
(47583, 38, 54, 'library services'),
(47581, 38, 53, 'library services'),
(47579, 38, 51, 'library services'),
(47577, 38, 44, 'library services'),
(47575, 38, 46, 'library services'),
(47573, 38, 42, 'library services'),
(47571, 38, 41, 'library services'),
(47569, 38, 40, 'library services'),
(47567, 38, 38, 'library services'),
(47565, 38, 73, 'library services'),
(47563, 38, 61, 'library services'),
(47561, 38, 52, 'library services'),
(47559, 38, 59, 'library services'),
(47557, 38, 26, 'library services'),
(47555, 38, 27, 'library services'),
(47553, 38, 25, 'library services'),
(47551, 38, 24, 'library services'),
(47549, 38, 17, 'library services'),
(47547, 38, 71, 'library services'),
(47545, 38, 50, 'library services'),
(47543, 38, 20, 'library services'),
(47541, 38, 13, 'library services'),
(47539, 38, 65, 'library services'),
(47537, 38, 11, 'library services'),
(47535, 38, 39, 'library services'),
(47533, 38, 32, 'library services'),
(47531, 38, 23, 'library services'),
(47529, 38, 22, 'library services'),
(47527, 38, 7, 'library services'),
(47525, 63, 69, 'library services'),
(47523, 63, 19, 'library services'),
(47521, 63, 18, 'library services'),
(47519, 63, 10, 'library services'),
(47517, 63, 14, 'library services'),
(47515, 63, 43, 'library services'),
(47513, 63, 37, 'library services'),
(47511, 63, 36, 'library services'),
(47509, 63, 60, 'library services'),
(47507, 63, 35, 'library services'),
(47505, 63, 34, 'library services'),
(47503, 63, 21, 'library services'),
(47501, 63, 57, 'library services'),
(47499, 63, 56, 'library services'),
(47497, 63, 47, 'library services'),
(47495, 63, 8, 'library services'),
(47493, 63, 16, 'library services'),
(47491, 63, 15, 'library services'),
(47489, 63, 9, 'library services'),
(47487, 63, 55, 'library services'),
(47485, 63, 54, 'library services'),
(47483, 63, 53, 'library services'),
(47481, 63, 51, 'library services'),
(47479, 63, 44, 'library services'),
(47477, 63, 46, 'library services'),
(47475, 63, 42, 'library services'),
(47473, 63, 41, 'library services'),
(47471, 63, 40, 'library services'),
(47469, 63, 38, 'library services'),
(47467, 63, 73, 'library services'),
(47465, 63, 61, 'library services'),
(47463, 63, 52, 'library services'),
(47461, 63, 59, 'library services'),
(47459, 63, 26, 'library services'),
(47457, 63, 27, 'library services'),
(47455, 63, 25, 'library services'),
(47453, 63, 24, 'library services'),
(47451, 63, 17, 'library services'),
(47449, 63, 71, 'library services'),
(47447, 63, 50, 'library services'),
(47445, 63, 20, 'library services'),
(47443, 63, 13, 'library services'),
(47441, 63, 65, 'library services'),
(47439, 63, 11, 'library services'),
(47437, 63, 39, 'library services'),
(47435, 63, 32, 'library services'),
(47433, 63, 23, 'library services'),
(47431, 63, 22, 'library services'),
(47429, 63, 7, 'library services'),
(47427, 36, 69, 'library services'),
(47425, 36, 19, 'library services'),
(47423, 36, 18, 'library services'),
(47421, 36, 10, 'library services'),
(47419, 36, 14, 'library services'),
(47417, 36, 43, 'library services'),
(47415, 36, 37, 'library services'),
(47413, 36, 36, 'library services'),
(47411, 36, 60, 'library services'),
(47409, 36, 35, 'library services'),
(47407, 36, 34, 'library services'),
(47405, 36, 21, 'library services'),
(47403, 36, 57, 'library services'),
(47401, 36, 56, 'library services'),
(47399, 36, 47, 'library services'),
(47397, 36, 8, 'library services'),
(47395, 36, 16, 'library services'),
(47393, 36, 15, 'library services'),
(47391, 36, 9, 'library services'),
(47389, 36, 55, 'library services'),
(47387, 36, 54, 'library services'),
(47385, 36, 53, 'library services'),
(47383, 36, 51, 'library services'),
(47381, 36, 44, 'library services'),
(47379, 36, 46, 'library services'),
(47377, 36, 42, 'library services'),
(47375, 36, 41, 'library services'),
(47373, 36, 40, 'library services'),
(47371, 36, 38, 'library services'),
(47369, 36, 73, 'library services'),
(47367, 36, 61, 'library services'),
(47365, 36, 52, 'library services'),
(47363, 36, 59, 'library services'),
(47361, 36, 26, 'library services'),
(47359, 36, 27, 'library services'),
(47357, 36, 25, 'library services'),
(47355, 36, 24, 'library services'),
(47353, 36, 17, 'library services'),
(47351, 36, 71, 'library services'),
(47349, 36, 50, 'library services'),
(47347, 36, 20, 'library services'),
(47345, 36, 13, 'library services'),
(47343, 36, 65, 'library services'),
(47341, 36, 11, 'library services'),
(47339, 36, 39, 'library services'),
(47337, 36, 32, 'library services'),
(47335, 36, 23, 'library services'),
(47333, 36, 22, 'library services'),
(47331, 36, 7, 'library services'),
(47329, 60, 69, 'library services'),
(47327, 60, 19, 'library services'),
(47325, 60, 18, 'library services'),
(47323, 60, 10, 'library services'),
(47321, 60, 14, 'library services'),
(47319, 60, 43, 'library services'),
(47317, 60, 37, 'library services'),
(47315, 60, 36, 'library services'),
(47313, 60, 60, 'library services'),
(47311, 60, 35, 'library services'),
(47309, 60, 34, 'library services'),
(47307, 60, 21, 'library services'),
(47305, 60, 57, 'library services'),
(47303, 60, 56, 'library services'),
(47301, 60, 47, 'library services'),
(47299, 60, 8, 'library services'),
(47297, 60, 16, 'library services'),
(47295, 60, 15, 'library services'),
(47293, 60, 9, 'library services'),
(47291, 60, 55, 'library services'),
(47289, 60, 54, 'library services'),
(47287, 60, 53, 'library services'),
(47285, 60, 51, 'library services'),
(47283, 60, 44, 'library services'),
(47281, 60, 46, 'library services'),
(47279, 60, 42, 'library services'),
(47277, 60, 41, 'library services'),
(47275, 60, 40, 'library services'),
(47273, 60, 38, 'library services'),
(47271, 60, 73, 'library services'),
(47269, 60, 61, 'library services'),
(47267, 60, 52, 'library services'),
(47265, 60, 59, 'library services'),
(47263, 60, 26, 'library services'),
(47261, 60, 27, 'library services'),
(47259, 60, 25, 'library services'),
(47257, 60, 24, 'library services'),
(47255, 60, 17, 'library services'),
(47253, 60, 71, 'library services'),
(47251, 60, 50, 'library services'),
(47249, 60, 20, 'library services'),
(47247, 60, 13, 'library services'),
(47245, 60, 65, 'library services'),
(47243, 60, 11, 'library services'),
(47241, 60, 39, 'library services'),
(47239, 60, 32, 'library services'),
(47237, 60, 23, 'library services'),
(47235, 60, 22, 'library services'),
(47233, 60, 7, 'library services'),
(47231, 29, 69, 'library services'),
(47229, 29, 19, 'library services'),
(47227, 29, 18, 'library services'),
(47225, 29, 10, 'library services'),
(47223, 29, 14, 'library services'),
(47221, 29, 43, 'library services'),
(47219, 29, 37, 'library services'),
(47217, 29, 36, 'library services'),
(47215, 29, 60, 'library services'),
(47213, 29, 35, 'library services'),
(47211, 29, 34, 'library services'),
(47209, 29, 21, 'library services'),
(47207, 29, 57, 'library services'),
(47205, 29, 56, 'library services'),
(47203, 29, 47, 'library services'),
(47201, 29, 8, 'library services'),
(47199, 29, 16, 'library services'),
(47197, 29, 15, 'library services'),
(47195, 29, 9, 'library services'),
(47193, 29, 55, 'library services'),
(47191, 29, 54, 'library services'),
(47189, 29, 53, 'library services'),
(47187, 29, 51, 'library services'),
(47185, 29, 44, 'library services'),
(47183, 29, 46, 'library services'),
(47181, 29, 42, 'library services'),
(47179, 29, 41, 'library services'),
(47177, 29, 40, 'library services'),
(47175, 29, 38, 'library services'),
(47173, 29, 73, 'library services'),
(47171, 29, 61, 'library services'),
(47169, 29, 52, 'library services'),
(47167, 29, 59, 'library services'),
(47165, 29, 26, 'library services'),
(47163, 29, 27, 'library services'),
(47161, 29, 25, 'library services'),
(47159, 29, 24, 'library services'),
(47157, 29, 17, 'library services'),
(47155, 29, 71, 'library services'),
(47153, 29, 50, 'library services'),
(47151, 29, 20, 'library services'),
(47149, 29, 13, 'library services'),
(47147, 29, 65, 'library services'),
(47145, 29, 11, 'library services'),
(47143, 29, 39, 'library services'),
(47141, 29, 32, 'library services'),
(47139, 29, 23, 'library services'),
(47137, 29, 22, 'library services'),
(47135, 29, 7, 'library services'),
(47133, 12, 69, 'library services'),
(47131, 12, 19, 'library services'),
(47129, 12, 18, 'library services'),
(47127, 12, 10, 'library services'),
(47125, 12, 14, 'library services'),
(47123, 12, 43, 'library services'),
(47121, 12, 37, 'library services'),
(47119, 12, 36, 'library services'),
(47117, 12, 60, 'library services'),
(47115, 12, 35, 'library services'),
(47113, 12, 34, 'library services'),
(47111, 12, 21, 'library services'),
(47109, 12, 57, 'library services'),
(47107, 12, 56, 'library services'),
(47105, 12, 47, 'library services'),
(47103, 12, 8, 'library services'),
(13781, 29, 39, 'Librarian'),
(13783, 29, 11, 'Librarian'),
(13785, 29, 12, 'Librarian'),
(13787, 29, 13, 'Librarian'),
(13789, 29, 20, 'Librarian'),
(13791, 29, 50, 'Librarian'),
(13793, 29, 33, 'Librarian'),
(13795, 29, 62, 'Librarian'),
(13797, 29, 17, 'Librarian'),
(13799, 29, 63, 'Librarian'),
(13801, 29, 59, 'Librarian'),
(13803, 29, 52, 'Librarian'),
(13805, 29, 29, 'Librarian'),
(13807, 29, 30, 'Librarian'),
(13809, 29, 61, 'Librarian'),
(13811, 29, 45, 'Librarian'),
(13813, 29, 48, 'Librarian'),
(13815, 29, 31, 'Librarian'),
(13817, 29, 49, 'Librarian'),
(13819, 29, 38, 'Librarian'),
(13821, 29, 40, 'Librarian'),
(13823, 29, 41, 'Librarian'),
(13825, 29, 42, 'Librarian'),
(13827, 29, 46, 'Librarian'),
(13829, 29, 44, 'Librarian'),
(13831, 29, 58, 'Librarian'),
(13833, 29, 51, 'Librarian'),
(13835, 29, 53, 'Librarian'),
(13837, 29, 54, 'Librarian'),
(13839, 29, 55, 'Librarian'),
(13841, 29, 9, 'Librarian'),
(13843, 29, 15, 'Librarian'),
(13845, 29, 16, 'Librarian'),
(13847, 29, 8, 'Librarian'),
(13849, 29, 47, 'Librarian'),
(13851, 29, 56, 'Librarian'),
(13853, 29, 57, 'Librarian'),
(13855, 29, 21, 'Librarian'),
(13857, 29, 34, 'Librarian'),
(13859, 29, 35, 'Librarian'),
(13861, 29, 60, 'Librarian'),
(13863, 29, 36, 'Librarian'),
(13865, 29, 37, 'Librarian'),
(13867, 29, 43, 'Librarian'),
(13869, 29, 14, 'Librarian'),
(13871, 29, 10, 'Librarian'),
(13873, 29, 18, 'Librarian'),
(13875, 29, 19, 'Librarian'),
(13877, 60, 7, 'Librarian'),
(13879, 60, 22, 'Librarian'),
(13881, 60, 23, 'Librarian'),
(13883, 60, 32, 'Librarian'),
(13885, 60, 39, 'Librarian'),
(13887, 60, 11, 'Librarian'),
(13889, 60, 12, 'Librarian'),
(13891, 60, 13, 'Librarian'),
(13893, 60, 20, 'Librarian'),
(13895, 60, 50, 'Librarian'),
(13897, 60, 33, 'Librarian'),
(13899, 60, 62, 'Librarian'),
(13901, 60, 17, 'Librarian'),
(13903, 60, 63, 'Librarian'),
(13905, 60, 59, 'Librarian'),
(13907, 60, 52, 'Librarian'),
(13909, 60, 29, 'Librarian'),
(13911, 60, 30, 'Librarian'),
(13913, 60, 61, 'Librarian'),
(13915, 60, 45, 'Librarian'),
(13917, 60, 48, 'Librarian'),
(13919, 60, 31, 'Librarian'),
(13921, 60, 49, 'Librarian'),
(13923, 60, 38, 'Librarian'),
(13925, 60, 40, 'Librarian'),
(13927, 60, 41, 'Librarian'),
(13929, 60, 42, 'Librarian'),
(13931, 60, 46, 'Librarian'),
(13933, 60, 44, 'Librarian'),
(13935, 60, 58, 'Librarian'),
(13937, 60, 51, 'Librarian'),
(13939, 60, 53, 'Librarian'),
(13941, 60, 54, 'Librarian'),
(13943, 60, 55, 'Librarian'),
(13945, 60, 9, 'Librarian'),
(13947, 60, 15, 'Librarian'),
(13949, 60, 16, 'Librarian'),
(13951, 60, 8, 'Librarian'),
(13953, 60, 47, 'Librarian'),
(13955, 60, 56, 'Librarian'),
(13957, 60, 57, 'Librarian'),
(13959, 60, 21, 'Librarian'),
(13961, 60, 34, 'Librarian'),
(13963, 60, 35, 'Librarian'),
(13965, 60, 60, 'Librarian'),
(13967, 60, 36, 'Librarian'),
(13969, 60, 37, 'Librarian'),
(13971, 60, 43, 'Librarian'),
(13973, 60, 14, 'Librarian'),
(13975, 60, 10, 'Librarian'),
(13977, 60, 18, 'Librarian'),
(13979, 60, 19, 'Librarian'),
(47101, 12, 16, 'library services'),
(47099, 12, 15, 'library services'),
(47097, 12, 9, 'library services'),
(47095, 12, 55, 'library services'),
(47093, 12, 54, 'library services'),
(47091, 12, 53, 'library services'),
(47089, 12, 51, 'library services'),
(47087, 12, 44, 'library services'),
(47085, 12, 46, 'library services'),
(47083, 12, 42, 'library services'),
(47081, 12, 41, 'library services'),
(47079, 12, 40, 'library services'),
(47077, 12, 38, 'library services'),
(47075, 12, 73, 'library services'),
(47073, 12, 61, 'library services'),
(47071, 12, 52, 'library services'),
(47069, 12, 59, 'library services'),
(47067, 12, 26, 'library services'),
(47065, 12, 27, 'library services'),
(47063, 12, 25, 'library services'),
(47061, 12, 24, 'library services'),
(47059, 12, 17, 'library services'),
(47057, 12, 71, 'library services'),
(47055, 12, 50, 'library services'),
(47053, 12, 20, 'library services'),
(47051, 12, 13, 'library services'),
(47049, 12, 65, 'library services'),
(47047, 12, 11, 'library services'),
(47045, 12, 39, 'library services'),
(47043, 12, 32, 'library services'),
(47041, 12, 23, 'library services'),
(47039, 12, 22, 'library services'),
(47037, 12, 7, 'library services'),
(30033, 16, 9, 'graphic'),
(30035, 16, 47, 'graphic'),
(30037, 16, 56, 'graphic'),
(30039, 32, 7, 'graphic'),
(30041, 32, 22, 'graphic'),
(30043, 32, 23, 'graphic'),
(30045, 32, 32, 'graphic'),
(30047, 32, 39, 'graphic'),
(30049, 32, 11, 'graphic'),
(30051, 32, 62, 'graphic'),
(30053, 32, 17, 'graphic'),
(30055, 32, 44, 'graphic'),
(30057, 32, 9, 'graphic'),
(30059, 32, 47, 'graphic'),
(30061, 32, 56, 'graphic'),
(33807, 11, 65, 'TCHNCL COOR'),
(33809, 11, 12, 'TCHNCL COOR'),
(33811, 11, 13, 'TCHNCL COOR'),
(33813, 11, 20, 'TCHNCL COOR'),
(33815, 11, 50, 'TCHNCL COOR'),
(33817, 11, 33, 'TCHNCL COOR'),
(33819, 11, 71, 'TCHNCL COOR'),
(33821, 11, 62, 'TCHNCL COOR'),
(50732, 3, 11, 'Cashier'),
(50733, 3, 79, 'Cashier'),
(53065, 2, 104, 'Member'),
(53064, 2, 103, 'Member'),
(53063, 2, 7, 'Member'),
(53062, 2, 99, 'Member'),
(53061, 2, 98, 'Member'),
(53060, 1, 92, 'Super Administrator'),
(53059, 1, 5, 'Super Administrator'),
(53058, 1, 4, 'Super Administrator'),
(53057, 1, 3, 'Super Administrator'),
(53056, 1, 2, 'Super Administrator'),
(53055, 1, 1, 'Super Administrator'),
(53054, 1, 101, 'Super Administrator'),
(53053, 2, 92, 'Super Administrator'),
(53052, 2, 5, 'Super Administrator'),
(53051, 2, 4, 'Super Administrator'),
(53050, 2, 3, 'Super Administrator'),
(53049, 2, 2, 'Super Administrator'),
(53048, 2, 1, 'Super Administrator'),
(53047, 2, 101, 'Super Administrator'),
(53046, 3, 92, 'Super Administrator'),
(53045, 3, 5, 'Super Administrator'),
(53044, 3, 4, 'Super Administrator'),
(53043, 3, 3, 'Super Administrator'),
(53042, 3, 2, 'Super Administrator'),
(53041, 3, 1, 'Super Administrator'),
(53040, 3, 101, 'Super Administrator'),
(53039, 4, 92, 'Super Administrator'),
(53038, 4, 5, 'Super Administrator'),
(53037, 4, 4, 'Super Administrator'),
(53036, 4, 3, 'Super Administrator'),
(53035, 4, 2, 'Super Administrator'),
(53034, 4, 1, 'Super Administrator'),
(53033, 4, 101, 'Super Administrator'),
(52725, 4, 7, 'Branch Manager'),
(52726, 4, 11, 'Branch Manager'),
(52727, 4, 79, 'Branch Manager'),
(52728, 4, 88, 'Branch Manager'),
(52729, 4, 84, 'Branch Manager'),
(52730, 4, 82, 'Branch Manager'),
(52731, 4, 85, 'Branch Manager'),
(52732, 4, 86, 'Branch Manager'),
(52733, 4, 87, 'Branch Manager'),
(52734, 4, 89, 'Branch Manager'),
(52735, 4, 90, 'Branch Manager'),
(52736, 4, 91, 'Branch Manager'),
(52737, 4, 93, 'Branch Manager'),
(52738, 4, 9, 'Branch Manager'),
(52739, 4, 80, 'Branch Manager'),
(52740, 4, 81, 'Branch Manager'),
(52741, 4, 83, 'Branch Manager'),
(52742, 4, 94, 'Branch Manager'),
(52743, 4, 95, 'Branch Manager'),
(52744, 4, 96, 'Branch Manager'),
(52745, 3, 7, 'Branch Manager'),
(52746, 3, 11, 'Branch Manager'),
(52747, 3, 79, 'Branch Manager'),
(52748, 3, 88, 'Branch Manager'),
(52749, 3, 84, 'Branch Manager'),
(52750, 3, 82, 'Branch Manager'),
(52751, 3, 85, 'Branch Manager'),
(52752, 3, 86, 'Branch Manager'),
(52753, 3, 87, 'Branch Manager'),
(52754, 3, 89, 'Branch Manager'),
(52755, 3, 90, 'Branch Manager'),
(52756, 3, 91, 'Branch Manager'),
(52757, 3, 93, 'Branch Manager'),
(52758, 3, 9, 'Branch Manager'),
(52759, 3, 80, 'Branch Manager'),
(52760, 3, 81, 'Branch Manager'),
(52761, 3, 83, 'Branch Manager'),
(52762, 3, 94, 'Branch Manager'),
(52763, 3, 95, 'Branch Manager'),
(52764, 3, 96, 'Branch Manager'),
(52765, 2, 7, 'Branch Manager'),
(52766, 2, 11, 'Branch Manager'),
(52767, 2, 79, 'Branch Manager'),
(52768, 2, 88, 'Branch Manager'),
(52769, 2, 84, 'Branch Manager'),
(52770, 2, 82, 'Branch Manager'),
(52771, 2, 85, 'Branch Manager'),
(52772, 2, 86, 'Branch Manager'),
(52773, 2, 87, 'Branch Manager'),
(52774, 2, 89, 'Branch Manager'),
(52775, 2, 90, 'Branch Manager'),
(52776, 2, 91, 'Branch Manager'),
(52777, 2, 93, 'Branch Manager'),
(52778, 2, 9, 'Branch Manager'),
(52779, 2, 80, 'Branch Manager'),
(52780, 2, 81, 'Branch Manager'),
(52781, 2, 83, 'Branch Manager'),
(52782, 2, 94, 'Branch Manager'),
(52783, 2, 95, 'Branch Manager'),
(52784, 2, 96, 'Branch Manager'),
(52785, 1, 7, 'Branch Manager'),
(52786, 1, 11, 'Branch Manager'),
(52787, 1, 79, 'Branch Manager'),
(52788, 1, 88, 'Branch Manager'),
(52789, 1, 84, 'Branch Manager'),
(52790, 1, 82, 'Branch Manager'),
(52791, 1, 85, 'Branch Manager'),
(52792, 1, 86, 'Branch Manager'),
(52793, 1, 87, 'Branch Manager'),
(52794, 1, 89, 'Branch Manager'),
(52795, 1, 90, 'Branch Manager'),
(52796, 1, 91, 'Branch Manager'),
(52797, 1, 93, 'Branch Manager'),
(52798, 1, 9, 'Branch Manager'),
(52799, 1, 80, 'Branch Manager'),
(52800, 1, 81, 'Branch Manager'),
(52801, 1, 83, 'Branch Manager'),
(52802, 1, 94, 'Branch Manager'),
(52803, 1, 95, 'Branch Manager'),
(52804, 1, 96, 'Branch Manager');

-- --------------------------------------------------------

--
-- Table structure for table `app_usertype`
--

CREATE TABLE IF NOT EXISTS `app_usertype` (
  `user_type` varchar(64) collate latin1_general_ci NOT NULL,
  `user_type_name` varchar(64) collate latin1_general_ci NOT NULL,
  `user_type_ord` int(11) NOT NULL,
  `user_type_status` tinyint(2) NOT NULL default '1',
  `user_type_access` text collate latin1_general_ci,
  `user_type_dept` text collate latin1_general_ci,
  PRIMARY KEY  (`user_type`)
) ENGINE=MyISAM DEFAULT CHARSET=latin1 COLLATE=latin1_general_ci;

--
-- Dumping data for table `app_usertype`
--

INSERT INTO `app_usertype` (`user_type`, `user_type_name`, `user_type_ord`, `user_type_status`, `user_type_access`, `user_type_dept`) VALUES
('Super Administrator', 'Super Administrator', 1, 1, 'a:7:{i:101;s:3:"101";i:1;s:1:"1";i:2;s:1:"2";i:3;s:1:"3";i:4;s:1:"4";i:5;s:1:"5";i:92;s:2:"92";}', 'a:4:{i:0;s:1:"4";i:1;s:1:"3";i:2;s:1:"2";i:3;s:1:"1";}'),
('Validator', 'Validator', 0, 1, 'a:2:{i:97;s:2:"97";i:101;s:3:"101";}', 'N;'),
('Member', 'Member', 123, 1, 'a:5:{i:98;s:2:"98";i:99;s:2:"99";i:7;s:1:"7";i:103;s:3:"103";i:104;s:3:"104";}', 'a:1:{i:0;s:1:"2";}'),
('Administrator', 'Administrator', 2, 1, 'a:6:{i:7;s:1:"7";i:1;s:1:"1";i:4;s:1:"4";i:3;s:1:"3";i:2;s:1:"2";i:5;s:1:"5";}', 'a:2:{i:0;s:1:"2";i:1;s:1:"1";}'),
('Web Master', 'Web Master', 3, 1, NULL, NULL),
('Custom User Type', 'Custom User Type', 4, 1, NULL, NULL),
('Cashier', 'Cash register', 10, 1, 'a:2:{i:11;s:2:"11";i:79;s:2:"79";}', 'a:1:{i:0;s:1:"3";}'),
('Branch Manager', 'Manager', 1, 1, 'a:20:{i:7;s:1:"7";i:11;s:2:"11";i:79;s:2:"79";i:88;s:2:"88";i:84;s:2:"84";i:82;s:2:"82";i:85;s:2:"85";i:86;s:2:"86";i:87;s:2:"87";i:89;s:2:"89";i:90;s:2:"90";i:91;s:2:"91";i:93;s:2:"93";i:9;s:1:"9";i:80;s:2:"80";i:81;s:2:"81";i:83;s:2:"83";i:94;s:2:"94";i:95;s:2:"95";i:96;s:2:"96";}', 'a:4:{i:0;s:1:"4";i:1;s:1:"3";i:2;s:1:"2";i:3;s:1:"1";}');

-- --------------------------------------------------------

--
-- Table structure for table `church`
--

CREATE TABLE IF NOT EXISTS `church` (
  `church_id` int(20) NOT NULL auto_increment,
  `profile_id` int(20) NOT NULL,
  `church_name` varchar(50) NOT NULL,
  `address_id` int(20) NOT NULL,
  `tel_num` varchar(15) NOT NULL,
  `email` varchar(50) NOT NULL,
  `website` varchar(50) NOT NULL,
  `fb_account` varchar(50) NOT NULL,
  `twitter_account` varchar(50) NOT NULL,
  `youtube_account` varchar(100) NOT NULL,
  `latlng` varchar(100) NOT NULL,
  `status` int(3) NOT NULL,
  `type` int(3) NOT NULL,
  PRIMARY KEY  (`church_id`),
  KEY `profile_id` (`profile_id`),
  KEY `status` (`status`),
  FULLTEXT KEY `search` (`church_name`,`email`)
) ENGINE=MyISAM  DEFAULT CHARSET=latin1 AUTO_INCREMENT=3 ;

--
-- Dumping data for table `church`
--

INSERT INTO `church` (`church_id`, `profile_id`, `church_name`, `address_id`, `tel_num`, `email`, `website`, `fb_account`, `twitter_account`, `youtube_account`, `latlng`, `status`, `type`) VALUES
(1, 0, 'Community Baptist Church', 0, '09395923781', '', 'cbc.com', 'http://facebook.com/cbc', 'http://twitter.com/cbc', 'youtube.com', '17.644022027872722, 121.31103515625', 2, 2),
(2, 0, 'Truevine Church', 0, '09242324359', 'ace@gmail.com', 'haha.com', 'allreace.com', '', '', '13.368243250897299, 121.17919921875', 2, 1);

-- --------------------------------------------------------

--
-- Table structure for table `church_address`
--

CREATE TABLE IF NOT EXISTS `church_address` (
  `address_id` int(20) NOT NULL auto_increment,
  `church_id` int(20) NOT NULL,
  `city` varchar(50) NOT NULL,
  `country` varchar(50) NOT NULL,
  `province` varchar(100) NOT NULL,
  `municipality` varchar(50) NOT NULL,
  `zip` varchar(5) NOT NULL,
  `address_det` varchar(100) NOT NULL,
  PRIMARY KEY  (`address_id`),
  KEY `church_id` (`church_id`)
) ENGINE=MyISAM  DEFAULT CHARSET=latin1 AUTO_INCREMENT=3 ;

--
-- Dumping data for table `church_address`
--

INSERT INTO `church_address` (`address_id`, `church_id`, `city`, `country`, `province`, `municipality`, `zip`, `address_det`) VALUES
(1, 1, 'Pasig', 'Philippines', 'Metro Manila', '', '1920', 'Dr. Sixto Antonio Avenue Brgy.'),
(2, 2, 'manila', 'philippines', 'ahhaha', '', '1400', 'asdjkdflgjl');

-- --------------------------------------------------------

--
-- Table structure for table `church_ministry`
--

CREATE TABLE IF NOT EXISTS `church_ministry` (
  `ministry_id` int(20) NOT NULL auto_increment,
  `church_id` int(20) NOT NULL,
  `ministry_title` varchar(100) NOT NULL,
  `ministry_desc` text NOT NULL,
  PRIMARY KEY  (`ministry_id`),
  KEY `church_id` (`church_id`),
  FULLTEXT KEY `search` (`ministry_title`,`ministry_desc`)
) ENGINE=MyISAM  DEFAULT CHARSET=latin1 AUTO_INCREMENT=4 ;

--
-- Dumping data for table `church_ministry`
--

INSERT INTO `church_ministry` (`ministry_id`, `church_id`, `ministry_title`, `ministry_desc`) VALUES
(1, 1, 'Gospel Music Band', 'Lorem ipsum dolor sit amet, consectetur adipiscing elit.<br />\r\nFusce mi neque, gravida vitae convallis id, accumsan at ligula.<br />\r\nUt porta pulvinar elit nec euismod. Proin ut elit placerat massa bibendum<br />\r\nadipiscing quis nec metus.'),
(2, 2, 'Feed the Hungry', 'Lorem ipsum dolor sit amet, consectetur adipiscing elit.<br />\r\nFusce mi neque, gravida vitae convallis id, accumsan at ligula.<br />\r\nUt porta pulvinar elit nec euismod. Proin ut elit placerat massa bibendum <br />\r\nadipiscing quis nec metus.'),
(3, 2, 'Sunday Schools', 'Lorem ipsum dolor sit amet, consectetur adipiscing elit.<br />\r\nFusce mi neque, gravida vitae convallis id, accumsan at ligula.<br />\r\nUt porta pulvinar elit nec euismod. Proin ut elit placerat massa bibendum<br />\r\nadipiscing quis nec metus.');

-- --------------------------------------------------------

--
-- Table structure for table `church_needs`
--

CREATE TABLE IF NOT EXISTS `church_needs` (
  `need_id` int(20) NOT NULL auto_increment,
  `church_id` int(20) NOT NULL,
  `need_title` varchar(100) NOT NULL,
  `need_desc` text NOT NULL,
  `category` int(3) NOT NULL,
  `need_date` date NOT NULL,
  `need_status` int(3) NOT NULL,
  `latlng` varchar(100) NOT NULL,
  PRIMARY KEY  (`need_id`),
  KEY `church_id` (`church_id`),
  FULLTEXT KEY `search` (`need_title`,`need_desc`)
) ENGINE=MyISAM  DEFAULT CHARSET=latin1 AUTO_INCREMENT=6 ;

--
-- Dumping data for table `church_needs`
--

INSERT INTO `church_needs` (`need_id`, `church_id`, `need_title`, `need_desc`, `category`, `need_date`, `need_status`, `latlng`) VALUES
(1, 1, 'Needing Ushers', 'We are inviting people to sign up as ushers and usherettes in our event', 0, '2012-04-30', 1, ''),
(2, 2, 'hahahah', 'hhhshsshhss', 0, '2012-04-30', 4, ''),
(3, 1, 'Needing Ushers', 'afasfadfsdf', 0, '2012-05-03', 1, ''),
(4, 1, 'hahah', 'hahahah', 0, '2012-05-07', 1, '44.42331776882713, 104.00389909744263'),
(5, 1, 'ohmel', 'oheml', 0, '2012-05-07', 1, '50.72972025522268, 72.01171159744263');

-- --------------------------------------------------------

--
-- Table structure for table `church_profile`
--

CREATE TABLE IF NOT EXISTS `church_profile` (
  `profile_id` int(20) NOT NULL auto_increment,
  `church_id` int(10) NOT NULL,
  `church_desc` text NOT NULL,
  `church_history` text NOT NULL,
  `church_missionvision` text NOT NULL,
  `church_tagtitle` varchar(100) NOT NULL,
  PRIMARY KEY  (`profile_id`),
  KEY `church_id` (`church_id`),
  FULLTEXT KEY `church_desc` (`church_desc`),
  FULLTEXT KEY `church_tagtitle` (`church_tagtitle`)
) ENGINE=MyISAM  DEFAULT CHARSET=latin1 AUTO_INCREMENT=10 ;

--
-- Dumping data for table `church_profile`
--

INSERT INTO `church_profile` (`profile_id`, `church_id`, `church_desc`, `church_history`, `church_missionvision`, `church_tagtitle`) VALUES
(1, 1, 'Lorem ipsum dolor sit amet, consectetur adipiscing elit. Fusce mi neque, gravida vitae convallis id, accumsan at ligula. Ut porta pulvinar elit nec euismod. Proin ut elit placerat massa bibendum adipiscing quis nec metus. In sollicitudin diam nec arcu elementum feugiat. Donec ullamcorper viverra augue. Vestibulum ante ipsum primis in faucibus orci luctus et ultrices posuere cubilia Curae; Etiam ac dui et enim dapibus tempus ut vel neque. Nulla sodales lobortis tortor a laoreet. Nulla lectus turpis, dictum eget dignissim vel, suscipit sed est. Morbi non rutrum felis. Fusce lacus neque, aliquet quis imperdiet nec, gravida non purus. Quisque sed purus enim. ', 'Lorem ipsum dolor sit amet, consectetur adipiscing elit. Fusce mi neque, gravida vitae convallis id, accumsan at ligula. Ut porta pulvinar elit nec euismod. Proin ut elit placerat massa bibendum adipiscing quis nec metus. In sollicitudin diam nec arcu elementum feugiat. Donec ullamcorper viverra augue. Vestibulum ante ipsum primis in faucibus orci luctus et ultrices posuere cubilia Curae; Etiam ac dui et enim dapibus tempus ut vel neque. Nulla sodales lobortis tortor a laoreet. Nulla lectus turpis, dictum eget dignissim vel, suscipit sed est. Morbi non rutrum felis. Fusce lacus neque, aliquet quis imperdiet nec, gravida non purus. Quisque sed purus enim. \r\n<br /> <br />\r\nAenean quis lacus leo, id tincidunt augue. Donec felis est, condimentum sit amet blandit et, elementum ut ante. Etiam vitae risus sit amet ante pretium volutpat sed et ante. Nunc cursus lacinia neque vel sollicitudin. In molestie, purus in tempor pharetra, mauris magna egestas elit, in elementum nisi lorem vitae mi. Donec sed diam vitae nisl fermentum dapibus rhoncus sit amet lectus. Praesent sollicitudin convallis lacus, id egestas diam malesuada et. Morbi venenatis libero vel nunc sagittis quis eleifend massa mollis. Nullam a urna commodo nibh accumsan molestie. Vestibulum sed arcu at mauris dapibus euismod at id lacus.\r\n<br /> <br />\r\nMorbi ultrices scelerisque justo at eleifend. Pellentesque placerat posuere nisl at euismod. Ut interdum eleifend vestibulum. Vestibulum ante ipsum primis in faucibus orci luctus et ultrices posuere cubilia Curae; Donec velit orci, rhoncus nec fringilla ac, suscipit porta justo. Vestibulum condimentum, metus id commodo pretium, nisi diam rhoncus nibh, nec elementum ligula nisi et neque. Vivamus metus mi, cursus eget ultricies et, placerat vitae lectus. Vestibulum ante ipsum primis in faucibus orci luctus et ultrices posuere cubilia Curae; Etiam odio nibh, pharetra eget dictum et, malesuada pretium enim. Etiam et pellentesque ipsum. Curabitur lacus ipsum, semper at tincidunt a, condimentum nec purus. Donec sollicitudin gravida nibh, vitae vulputate mi eleifend ut. Quisque feugiat mollis sapien ut tristique. ', 'Lorem ipsum dolor sit amet, consectetur adipiscing elit. Fusce mi neque, gravida vitae convallis id, accumsan at ligula. Ut porta pulvinar elit nec euismod. Proin ut elit placerat massa bibendum adipiscing quis nec metus. In sollicitudin diam nec arcu elementum feugiat. Donec ullamcorper viverra augue. Vestibulum ante ipsum primis in faucibus orci luctus et ultrices posuere cubilia Curae; Etiam ac dui et enim dapibus tempus ut vel neque. Nulla sodales lobortis tortor a laoreet. Nulla lectus turpis, dictum eget dignissim vel, suscipit sed est. Morbi non rutrum felis. Fusce lacus neque, aliquet quis imperdiet nec, gravida non purus. Quisque sed purus enim. ', 'Solving Problems with Positive Answers to Life'),
(2, 2, 'fdsfdsfds', 'sddsfsdfsd', 'dsfsdfsdfsdf', 'Healing the World in Jesus''s Name'),
(3, 4, '', '', '', 'We are the World We are the Children'),
(4, 5, '', '', '', 'A Family Friendly Church'),
(5, 6, '', '', '', 'A Family Friendly Church'),
(6, 7, '', '', '', 'A Family Friendly Church'),
(7, 0, '', '', '', ''),
(8, 0, '', '', '', ''),
(9, 0, '', '', '', '');

-- --------------------------------------------------------

--
-- Table structure for table `church_shoutout`
--

CREATE TABLE IF NOT EXISTS `church_shoutout` (
  `shoutout_id` int(20) NOT NULL auto_increment,
  `church_id` int(20) NOT NULL,
  `shoutout_content` text NOT NULL,
  `shoutout_date` date NOT NULL,
  `shoutout_type` int(3) NOT NULL,
  PRIMARY KEY  (`shoutout_id`),
  KEY `church_id` (`church_id`),
  FULLTEXT KEY `search` (`shoutout_content`)
) ENGINE=MyISAM  DEFAULT CHARSET=latin1 AUTO_INCREMENT=4 ;

--
-- Dumping data for table `church_shoutout`
--

INSERT INTO `church_shoutout` (`shoutout_id`, `church_id`, `shoutout_content`, `shoutout_date`, `shoutout_type`) VALUES
(1, 1, 'Speak Anything!', '2012-04-30', 1),
(2, 2, 'We are the Champions!!', '2012-05-03', 1),
(3, 1, 'Speak Anything!', '2012-05-09', 1);

-- --------------------------------------------------------

--
-- Table structure for table `church_supplies`
--

CREATE TABLE IF NOT EXISTS `church_supplies` (
  `supplies_id` int(20) NOT NULL auto_increment,
  `church_id` int(20) NOT NULL,
  `supplies_title` varchar(100) NOT NULL,
  `supplies_desc` text NOT NULL,
  `category` varchar(50) NOT NULL,
  `supplies_date` date NOT NULL,
  `supplies_status` int(3) NOT NULL,
  `latlng` varchar(100) NOT NULL,
  PRIMARY KEY  (`supplies_id`),
  KEY `church_id` (`church_id`),
  FULLTEXT KEY `supplies_desc` (`supplies_desc`),
  FULLTEXT KEY `supplies_title` (`supplies_title`),
  FULLTEXT KEY `search` (`supplies_title`,`supplies_desc`)
) ENGINE=MyISAM  DEFAULT CHARSET=latin1 AUTO_INCREMENT=5 ;

--
-- Dumping data for table `church_supplies`
--

INSERT INTO `church_supplies` (`supplies_id`, `church_id`, `supplies_title`, `supplies_desc`, `category`, `supplies_date`, `supplies_status`, `latlng`) VALUES
(1, 2, '2nd hand celica', 'we are gving out our celica for low price pls see transanction', '', '2012-04-30', 4, ''),
(2, 1, '2nd hand yamaha rbx bass guitar', 'bass guitar', '', '2012-04-30', 3, ''),
(3, 1, 'heheh', 'hehehhe', '', '2012-05-07', 1, '39.72972025522268, 72.01171159744263'),
(4, 2, 'heheh', 'heheheh', '', '2012-05-07', 1, '-32.74416396741863, 149.70702409744263');

-- --------------------------------------------------------

--
-- Table structure for table `comments`
--

CREATE TABLE IF NOT EXISTS `comments` (
  `comment_id` int(20) NOT NULL auto_increment,
  `church_id` int(20) NOT NULL,
  `need_id` int(20) NOT NULL,
  `supplies_id` int(20) NOT NULL,
  `comment_content` text NOT NULL,
  `date_posted` date NOT NULL,
  PRIMARY KEY  (`comment_id`),
  KEY `church_id` (`church_id`,`need_id`,`supplies_id`),
  FULLTEXT KEY `comment_content` (`comment_content`)
) ENGINE=MyISAM  DEFAULT CHARSET=latin1 AUTO_INCREMENT=11 ;

--
-- Dumping data for table `comments`
--

INSERT INTO `comments` (`comment_id`, `church_id`, `need_id`, `supplies_id`, `comment_content`, `date_posted`) VALUES
(1, 1, 2, 0, 'ffff', '2012-04-30'),
(2, 1, 2, 0, 'dsd', '2012-04-30'),
(3, 1, 2, 0, 'qwedx', '2012-04-30'),
(4, 1, 2, 0, 'sdfdhgt', '2012-04-30'),
(5, 1, 2, 0, 'dsgerweq', '2012-04-30'),
(6, 1, 2, 0, 'dftgerwq', '2012-04-30'),
(7, 1, 2, 0, 'dftgerwq', '2012-04-30'),
(8, 1, 1, 0, '', '2012-05-10'),
(9, 1, 5, 0, '', '2012-05-10'),
(10, 1, 5, 0, '', '2012-05-10');

-- --------------------------------------------------------

--
-- Table structure for table `events`
--

CREATE TABLE IF NOT EXISTS `events` (
  `event_id` int(20) NOT NULL auto_increment,
  `event_name` varchar(100) NOT NULL,
  `event_desc` text NOT NULL,
  `church_id` int(20) NOT NULL,
  `date_from` date NOT NULL,
  `date_to` date NOT NULL,
  `event_type` int(20) NOT NULL,
  `latlng` varchar(100) NOT NULL,
  PRIMARY KEY  (`event_id`),
  KEY `church_id` (`church_id`),
  KEY `event_type` (`event_type`),
  FULLTEXT KEY `event_name` (`event_name`,`event_desc`)
) ENGINE=MyISAM  DEFAULT CHARSET=latin1 AUTO_INCREMENT=13 ;

--
-- Dumping data for table `events`
--

INSERT INTO `events` (`event_id`, `event_name`, `event_desc`, `church_id`, `date_from`, `date_to`, `event_type`, `latlng`) VALUES
(1, 'Party Party!', 'safasf saf asfsdghgf', 1, '2012-04-30', '2012-05-02', 4, ''),
(2, 'Party Party!', 'Celebrate Jesus Celebrate!', 0, '2012-05-07', '2012-05-07', 4, ''),
(3, 'Party Party!', 'Let\\''s celebrate!', 0, '2012-05-07', '2012-05-07', 4, ''),
(4, '', '', 0, '0000-00-00', '0000-00-00', 1, ''),
(5, 'Party Party!', 'asdfadsf', 0, '2012-05-07', '2012-05-07', 4, ''),
(6, 'Spiritual Maturity Seminar', 'Seminars for newly saved christians', 0, '2012-05-02', '2012-05-02', 2, ''),
(7, 'Spiritual Maturity Seminar', 'Training for New christians', 0, '2012-05-07', '2012-05-07', 2, ''),
(8, 'Spiritual Maturity Seminar', 'sdasd', 0, '2012-05-07', '2012-05-07', 2, ''),
(9, 'party party2', 'hahahah', 0, '2012-05-11', '2012-05-14', 1, ''),
(10, '', '', 0, '0000-00-00', '0000-00-00', 4, ''),
(11, '', '', 0, '0000-00-00', '0000-00-00', 4, ''),
(12, 'testq', 'sw;gjnsgplkjn', 0, '2012-05-02', '2012-05-04', 1, '');

-- --------------------------------------------------------

--
-- Table structure for table `news`
--

CREATE TABLE IF NOT EXISTS `news` (
  `news_id` int(20) NOT NULL auto_increment,
  `news_title` varchar(100) NOT NULL,
  `news_content` text NOT NULL,
  `news_date` date NOT NULL,
  `church_id` int(20) NOT NULL,
  `news_type` int(3) NOT NULL,
  `need_id` int(20) NOT NULL,
  `supplies_id` int(20) NOT NULL,
  PRIMARY KEY  (`news_id`),
  KEY `church_id` (`church_id`),
  KEY `need_id` (`need_id`,`supplies_id`),
  FULLTEXT KEY `name_of_index` (`news_title`,`news_content`)
) ENGINE=MyISAM  DEFAULT CHARSET=latin1 AUTO_INCREMENT=19 ;

--
-- Dumping data for table `news`
--

INSERT INTO `news` (`news_id`, `news_title`, `news_content`, `news_date`, `church_id`, `news_type`, `need_id`, `supplies_id`) VALUES
(1, 'A New Church has Connected!!', '<b>Community Baptist Church</b> has been validated and is ready to unify the body of Christ', '2012-04-30', 1, 1, 0, 0),
(2, 'Needing Ushers', 'We are inviting people to sign up as ushers and usherettes in our event', '2012-04-30', 1, 2, 1, 0),
(3, 'A New Church has Connected!!', '<b>Truevine Church</b> has been validated and is ready to unify the body of Christ', '2012-04-30', 2, 1, 0, 0),
(4, '2nd hand celica', 'we are gving out our celica for low price pls see transanction', '2012-04-30', 2, 3, 0, 1),
(5, '2nd hand yamaha rbx bass guitar', 'bass guitar', '2012-04-30', 1, 3, 0, 2),
(6, 'hahahah', 'hhhshsshhss', '2012-04-30', 2, 2, 2, 0),
(7, 'Party Party!', 'asdfadsf', '0000-00-00', 0, 5, 0, 0),
(8, 'Spiritual Maturity Seminar', 'Training for New christians<br/>2012-05-07-2012-05-07', '0000-00-00', 0, 5, 0, 0),
(9, 'Spiritual Maturity Seminar', 'sdasd<br/>2012-05-07 to 2012-05-07', '0000-00-00', 0, 5, 0, 0),
(10, 'party party2', 'hahahah<br/>2012-05-11 to 2012-05-14', '0000-00-00', 0, 5, 0, 0),
(11, 'Needing Ushers', 'afasfadfsdf', '2012-05-03', 1, 2, 3, 0),
(12, 'hahah', 'hahahah', '2012-05-07', 1, 2, 4, 0),
(13, 'heheh', 'hehehhe', '2012-05-07', 1, 3, 0, 3),
(14, 'heheh', 'heheheh', '2012-05-07', 2, 3, 0, 4),
(15, 'ohmel', 'oheml', '2012-05-07', 1, 2, 5, 0),
(16, '', '<br/> to ', '0000-00-00', 0, 5, 0, 0),
(17, '', '<br/> to ', '0000-00-00', 0, 5, 0, 0),
(18, 'testq', 'sw;gjnsgplkjn<br/>2012-05-02 to 2012-05-04', '0000-00-00', 0, 5, 0, 0);

-- --------------------------------------------------------

--
-- Table structure for table `notifications`
--

CREATE TABLE IF NOT EXISTS `notifications` (
  `notification_id` int(20) NOT NULL auto_increment,
  `church_id` int(20) NOT NULL,
  `notification_title` varchar(100) NOT NULL,
  `notification_content` text NOT NULL,
  `notification_date` date NOT NULL,
  `type` int(5) NOT NULL,
  `status` int(5) NOT NULL,
  PRIMARY KEY  (`notification_id`),
  KEY `church_id` (`church_id`),
  KEY `type` (`type`),
  KEY `status` (`status`),
  FULLTEXT KEY `notification_title` (`notification_title`,`notification_content`)
) ENGINE=MyISAM  DEFAULT CHARSET=latin1 AUTO_INCREMENT=5 ;

--
-- Dumping data for table `notifications`
--

INSERT INTO `notifications` (`notification_id`, `church_id`, `notification_title`, `notification_content`, `notification_date`, `type`, `status`) VALUES
(1, 1, 'Truevine Church', 'wants to affiliate with you!', '2012-05-10', 1, 2),
(2, 2, 'You', 'sent an affiliate request to Truevine Church', '2012-05-10', 2, 2),
(3, 2, 'Community Baptist Church', 'wants to affiliate with you!', '2012-05-10', 1, 1),
(4, 1, 'You', 'sent an affiliate request to Community Baptist Church', '2012-05-10', 2, 2);

-- --------------------------------------------------------

--
-- Table structure for table `resource_transaction`
--

CREATE TABLE IF NOT EXISTS `resource_transaction` (
  `trans_id` int(20) NOT NULL auto_increment,
  `resource_id` int(20) NOT NULL,
  `type` int(3) NOT NULL,
  `trans_date` date NOT NULL,
  `ns_id` int(20) NOT NULL,
  PRIMARY KEY  (`trans_id`),
  KEY `resource_id` (`resource_id`,`type`),
  KEY `ns_id` (`ns_id`)
) ENGINE=MyISAM  DEFAULT CHARSET=latin1 AUTO_INCREMENT=26 ;

--
-- Dumping data for table `resource_transaction`
--

INSERT INTO `resource_transaction` (`trans_id`, `resource_id`, `type`, `trans_date`, `ns_id`) VALUES
(1, 12, 1, '2012-04-30', 1),
(2, 12, 1, '2012-04-30', 1),
(3, 13, 1, '2012-04-30', 1),
(4, 14, 1, '2012-04-30', 1),
(5, 15, 1, '2012-04-30', 1),
(6, 4, 2, '2012-04-30', 1),
(7, 10, 2, '2012-04-30', 1),
(8, 11, 2, '2012-04-30', 1),
(9, 13, 2, '2012-04-30', 1),
(10, 30, 2, '2012-04-30', 2),
(11, 36, 2, '2012-04-30', 2),
(12, 36, 2, '2012-04-30', 2),
(13, 36, 2, '2012-04-30', 2),
(14, 49, 2, '2012-04-30', 2),
(15, 11, 1, '2012-04-30', 2),
(16, 4, 1, '2012-05-03', 3),
(17, 10, 1, '2012-05-03', 3),
(18, 4, 1, '2012-05-07', 4),
(19, 13, 1, '2012-05-07', 4),
(20, 4, 2, '2012-05-07', 3),
(21, 13, 2, '2012-05-07', 3),
(22, 4, 2, '2012-05-07', 4),
(23, 13, 2, '2012-05-07', 4),
(24, 4, 1, '2012-05-07', 5),
(25, 3, 1, '2012-05-07', 5);

-- --------------------------------------------------------

--
-- Table structure for table `resource_type`
--

CREATE TABLE IF NOT EXISTS `resource_type` (
  `resource_id` int(20) NOT NULL auto_increment,
  `resource_name` varchar(100) NOT NULL,
  `resource_desc` text NOT NULL,
  `category_id` int(20) NOT NULL,
  PRIMARY KEY  (`resource_id`),
  KEY `category_id` (`category_id`)
) ENGINE=MyISAM  DEFAULT CHARSET=latin1 AUTO_INCREMENT=53 ;

--
-- Dumping data for table `resource_type`
--

INSERT INTO `resource_type` (`resource_id`, `resource_name`, `resource_desc`, `category_id`) VALUES
(1, 'Historical Museum', 'Historical Museum', 1),
(2, 'christian Music Groups', 'christian Music Groups', 1),
(3, 'Media Film Ministry', 'Media Film Ministry', 1),
(4, 'Adoption', 'Adoption', 2),
(5, 'Child Sponsorship', 'Child Sponsorship', 2),
(6, 'Children', 'Children', 2),
(7, 'Orphan', 'Orphan', 2),
(8, 'Sports', 'Sports', 2),
(9, 'Student', 'Student', 2),
(10, 'Teens', 'Teens', 2),
(11, 'Youth', 'Youth', 2),
(12, 'Community Development', 'Community Development', 3),
(13, 'Housing', 'Housing', 3),
(14, 'Hunger Relief', 'Hunger relief', 3),
(15, 'Japan Relief', 'Japan relief', 3),
(16, 'Bible Study', 'Bible Study', 4),
(17, 'Discipleship', 'Discipleship', 4),
(18, 'Leadership Training', 'Leadership training', 4),
(19, 'Men Ministry', 'Men Ministry', 4),
(20, 'Training', 'training', 4),
(21, 'Women', 'Women', 4),
(22, 'Education', 'Education', 5),
(23, 'Students', 'Students', 5),
(24, 'Animals', 'Animals', 6),
(25, 'Environment', 'Environment', 6),
(26, 'Bible Distribution', 'Bible Distribution', 7),
(27, 'Church Planting', 'Church Planting', 7),
(28, 'Evangelism', 'Evangelism', 7),
(29, 'Literature Distribution', 'Literature Distribution', 7),
(30, 'Translation', 'Translation', 7),
(31, 'Media: Internet Ministry', 'Media: Internet Ministry', 7),
(32, 'Media: Radio Ministry', 'Media: Radio Ministry', 7),
(33, 'Media: Television Ministry', 'Media: Television Ministry', 7),
(34, 'Messianic Ministry', 'Messianic Ministry', 7),
(35, 'Missions', 'Missions', 7),
(36, 'Muslim Ministry', 'Muslim Ministry', 7),
(37, 'Tracts', 'Tracts', 7),
(38, 'Camp', 'Camp', 8),
(39, 'Family', 'Family', 8),
(40, 'Marriage', 'Marriage', 8),
(41, 'Pregnancy', 'Pregnancy', 8),
(42, 'Aviation', 'Aviation', 9),
(43, 'Counseling ', 'Counseling', 9),
(44, 'Disability Ministry', 'Disability Ministry', 9),
(45, 'Drug Rehabilitation', 'Drug Rehabilitation', 9),
(46, 'Equipment', 'Equipment', 9),
(47, 'Human trafficking', 'Human trafficking', 9),
(48, 'Literacy Programs', 'Literacy Programs', 9),
(49, 'Medical and Dental Health', 'Medical and Dental Health', 9),
(50, 'Prison', 'Prison', 9),
(51, 'Rescue Mission', 'Rescue Mission', 9),
(52, 'Senior care', 'Senior care', 9);

-- --------------------------------------------------------

--
-- Table structure for table `scriptures`
--

CREATE TABLE IF NOT EXISTS `scriptures` (
  `scripture_id` int(20) NOT NULL auto_increment,
  `scripture_verse` varchar(50) NOT NULL,
  `scripture_content` text NOT NULL,
  `scripture_type` int(3) NOT NULL,
  PRIMARY KEY  (`scripture_id`)
) ENGINE=MyISAM  DEFAULT CHARSET=latin1 AUTO_INCREMENT=5 ;

--
-- Dumping data for table `scriptures`
--

INSERT INTO `scriptures` (`scripture_id`, `scripture_verse`, `scripture_content`, `scripture_type`) VALUES
(1, 'john 3:16', 'For God so loved the world that He gave His only begotten Son that whosoever believes in Him shall not perish but have Everlasting life', 1),
(2, 'Romas 3:23', 'For all have sinned and comes short to the Glory of God', 2),
(3, 'Ephesians 6:1', 'Children obey your parents in the Lord for this is right', 3),
(4, 'Proverbs 3:1', 'Trust in the Lord with all your heart and lean not on your own understanding', 4);

-- --------------------------------------------------------

--
-- Table structure for table `user_log`
--

CREATE TABLE IF NOT EXISTS `user_log` (
  `log_id` int(20) NOT NULL auto_increment,
  `log_date` date NOT NULL,
  `user_id` int(20) NOT NULL,
  `log_status` int(3) NOT NULL,
  PRIMARY KEY  (`log_id`),
  KEY `user_id` (`user_id`)
) ENGINE=MyISAM  DEFAULT CHARSET=latin1 AUTO_INCREMENT=59 ;

--
-- Dumping data for table `user_log`
--

INSERT INTO `user_log` (`log_id`, `log_date`, `user_id`, `log_status`) VALUES
(1, '2012-04-30', 12, 2),
(2, '2012-04-30', 1, 2),
(3, '2012-04-30', 12, 2),
(4, '2012-04-30', 15, 2),
(5, '2012-04-30', 15, 2),
(6, '2012-04-30', 16, 2),
(7, '2012-04-30', 15, 2),
(8, '2012-04-30', 16, 2),
(9, '2012-04-30', 2, 2),
(10, '2012-04-30', 15, 2),
(11, '2012-04-30', 2, 2),
(12, '2012-04-30', 2, 2),
(13, '2012-04-30', 2, 2),
(14, '2012-04-30', 2, 2),
(15, '2012-04-30', 2, 2),
(16, '2012-05-02', 2, 2),
(17, '2012-05-02', 2, 2),
(18, '2012-05-02', 15, 2),
(19, '2012-05-02', 15, 2),
(20, '2012-05-02', 15, 2),
(21, '2012-05-03', 2, 2),
(22, '2012-05-03', 15, 2),
(23, '2012-05-03', 2, 2),
(24, '2012-05-05', 15, 2),
(25, '2012-05-05', 15, 2),
(26, '2012-05-05', 15, 2),
(27, '2012-05-05', 15, 2),
(28, '2012-05-05', 15, 2),
(29, '2012-05-05', 15, 2),
(30, '2012-05-06', 15, 2),
(31, '2012-05-06', 2, 2),
(32, '2012-05-06', 15, 2),
(33, '2012-05-06', 15, 2),
(34, '2012-05-06', 2, 2),
(35, '2012-05-07', 15, 2),
(36, '2012-05-07', 15, 2),
(37, '2012-05-07', 16, 2),
(38, '2012-05-07', 16, 2),
(39, '2012-05-07', 16, 2),
(40, '2012-05-07', 2, 2),
(41, '2012-05-09', 16, 2),
(42, '2012-05-09', 15, 2),
(43, '2012-05-09', 15, 2),
(44, '2012-05-09', 15, 2),
(45, '2012-05-09', 15, 2),
(46, '2012-05-10', 16, 2),
(47, '2012-05-10', 15, 2),
(48, '2012-05-10', 16, 2),
(49, '2012-05-10', 15, 2),
(50, '2012-05-10', 16, 2),
(51, '2012-05-10', 15, 2),
(52, '2012-05-10', 15, 2),
(53, '2012-05-10', 16, 2),
(54, '2012-05-10', 2, 2),
(55, '2012-05-10', 15, 2),
(56, '2012-05-10', 15, 2),
(57, '2012-05-17', 15, 2),
(58, '2012-05-17', 15, 2);
